{
  "orientation": [
    [
      -0.9724288970027849,
      -0.000876481700319323,
      -0.2331979246343673
    ],
    [
      0.05086160913870313,
      0.9751216421467972,
      -0.21575652882996485
    ],
    [
      0.2275854498639332,
      -0.22166870504598224,
      -0.9481918836466955
    ]
  ],
  "position": [
    -2.0207382865418113,
    2.070194268630176,
    -0.3416320890188217
  ],
  "focal_length": 2056.274169921875,
  "principal_point": [
    318.60382080078125,
    1355.8125
  ],
  "skew": 0.0,
  "pixel_aspect_ratio": 1.0,
  "radial_distortion": [
    -0.17441433668136597,
    0.0021486165933310986,
    0.0
  ],
  "tangential_distortion": [
    -0.006712840870022774,
    0.0029693543910980225
  ],
  "image_size": [
    1080,
    1920
  ]
}