{
  "orientation": [
    [
      -0.9721674361530006,
      -0.006590334476436682,
      0.2341944567558983
    ],
    [
      0.03492649390706313,
      0.9843578407508937,
      0.172684050727327
    ],
    [
      -0.23166919542110362,
      0.17605740212705304,
      -0.9567304610229631
    ]
  ],
  "position": [
    2.2429250240571132,
    -1.6242910207066754,
    -0.3416320890188217
  ],
  "focal_length": 2056.274169921875,
  "principal_point": [
    318.60382080078125,
    1355.8125
  ],
  "skew": 0.0,
  "pixel_aspect_ratio": 1.0,
  "radial_distortion": [
    -0.17441433668136597,
    0.0021486165933310986,
    0.0
  ],
  "tangential_distortion": [
    -0.006712840870022774,
    0.0029693543910980225
  ],
  "image_size": [
    1080,
    1920
  ]
}