{
  "orientation": [
    [
      -0.9491981673446526,
      0.00020884960466446167,
      -0.31467887677979856
    ],
    [
      -0.013185316869564822,
      0.9990951570241644,
      0.04043531414382177
    ],
    [
      0.3144025867078739,
      0.04253026678382132,
      -0.9483365383020391
    ]
  ],
  "position": [
    -2.829935663378946,
    -0.3936283339877883,
    -0.3416320890188217
  ],
  "focal_length": 2056.274169921875,
  "principal_point": [
    318.60382080078125,
    1355.8125
  ],
  "skew": 0.0,
  "pixel_aspect_ratio": 1.0,
  "radial_distortion": [
    -0.17441433668136597,
    0.0021486165933310986,
    0.0
  ],
  "tangential_distortion": [
    -0.006712840870022774,
    0.0029693543910980225
  ],
  "image_size": [
    1080,
    1920
  ]
}