{
  "orientation": [
    [
      -0.9604148973760188,
      -0.0002756150462907311,
      -0.2785734174944865
    ],
    [
      0.04465080472395916,
      0.9869181981727122,
      -0.15491538255780116
    ],
    [
      0.27497187226280817,
      -0.16122156850704955,
      -0.9478386335829599
    ]
  ],
  "position": [
    -2.46361322143157,
    1.5070329769331745,
    -0.3416320890188217
  ],
  "focal_length": 2056.274169921875,
  "principal_point": [
    318.60382080078125,
    1355.8125
  ],
  "skew": 0.0,
  "pixel_aspect_ratio": 1.0,
  "radial_distortion": [
    -0.17441433668136597,
    0.0021486165933310986,
    0.0
  ],
  "tangential_distortion": [
    -0.006712840870022774,
    0.0029693543910980225
  ],
  "image_size": [
    1080,
    1920
  ]
}