{
  "orientation": [
    [
      -0.9603906989604826,
      -0.0002745023640683493,
      -0.27865683196119184
    ],
    [
      -0.04223856632729046,
      0.9885880591084407,
      0.14460135857875497
    ],
    [
      0.27543712325104414,
      0.1506438649154313,
      -0.9494423716574538
    ]
  ],
  "position": [
    -2.4636132214315696,
    -1.4000909714776806,
    -0.3416320890188217
  ],
  "focal_length": 2056.274169921875,
  "principal_point": [
    318.60382080078125,
    1355.8125
  ],
  "skew": 0.0,
  "pixel_aspect_ratio": 1.0,
  "radial_distortion": [
    -0.17441433668136597,
    0.0021486165933310986,
    0.0
  ],
  "tangential_distortion": [
    -0.006712840870022774,
    0.0029693543910980225
  ],
  "image_size": [
    1080,
    1920
  ]
}