{
  "orientation": [
    [
      -0.9715939511527667,
      -0.006617079779715485,
      0.2365616375039369
    ],
    [
      -0.050465639710214845,
      0.9824096698576322,
      -0.17979004360324435
    ],
    [
      -0.23121075513910236,
      -0.18662115320993652,
      -0.954837227951759
    ]
  ],
  "position": [
    2.242925024057113,
    1.73123302616217,
    -0.3416320890188217
  ],
  "focal_length": 2056.274169921875,
  "principal_point": [
    318.60382080078125,
    1355.8125
  ],
  "skew": 0.0,
  "pixel_aspect_ratio": 1.0,
  "radial_distortion": [
    -0.17441433668136597,
    0.0021486165933310986,
    0.0
  ],
  "tangential_distortion": [
    -0.006712840870022774,
    0.0029693543910980225
  ],
  "image_size": [
    1080,
    1920
  ]
}