{
  "orientation": [
    [
      -0.9555088934941894,
      -5.6419409566671535e-05,
      -0.2949622878782301
    ],
    [
      0.03741098964102007,
      0.9919008697693278,
      -0.12137990939579077
    ],
    [
      0.29258019807838864,
      -0.12701441401550106,
      -0.9477679918232678
    ]
  ],
  "position": [
    -2.628090684095663,
    1.1879912096222243,
    -0.3416320890188217
  ],
  "focal_length": 2056.274169921875,
  "principal_point": [
    318.60382080078125,
    1355.8125
  ],
  "skew": 0.0,
  "pixel_aspect_ratio": 1.0,
  "radial_distortion": [
    -0.17441433668136597,
    0.0021486165933310986,
    0.0
  ],
  "tangential_distortion": [
    -0.006712840870022774,
    0.0029693543910980225
  ],
  "image_size": [
    1080,
    1920
  ]
}