{
  "orientation": [
    [
      -0.9692524162490795,
      -0.000706946018930779,
      -0.24606757978784496
    ],
    [
      0.050440156467094203,
      0.9781904537372254,
      -0.2014924982051108
    ],
    [
      0.24084340184214345,
      -0.20770877796734505,
      -0.9480778023687804
    ]
  ],
  "position": [
    -2.1446503823241785,
    1.9402390026990675,
    -0.3416320890188217
  ],
  "focal_length": 2056.274169921875,
  "principal_point": [
    318.60382080078125,
    1355.8125
  ],
  "skew": 0.0,
  "pixel_aspect_ratio": 1.0,
  "radial_distortion": [
    -0.17441433668136597,
    0.0021486165933310986,
    0.0
  ],
  "tangential_distortion": [
    -0.006712840870022774,
    0.0029693543910980225
  ],
  "image_size": [
    1080,
    1920
  ]
}