{
  "orientation": [
    [
      -0.9933378574881844,
      -0.005215560278729658,
      0.1151203666245132
    ],
    [
      0.026408045755780225,
      0.9620889027719703,
      0.27145452341485626
    ],
    [
      -0.11217181464228888,
      0.2726861586036319,
      -0.9555415966381845
    ]
  ],
  "position": [
    1.1397447630835633,
    -2.520530696895406,
    -0.3416320890188217
  ],
  "focal_length": 2056.274169921875,
  "principal_point": [
    318.60382080078125,
    1355.8125
  ],
  "skew": 0.0,
  "pixel_aspect_ratio": 1.0,
  "radial_distortion": [
    -0.17441433668136597,
    0.0021486165933310986,
    0.0
  ],
  "tangential_distortion": [
    -0.006712840870022774,
    0.0029693543910980225
  ],
  "image_size": [
    1080,
    1920
  ]
}