{
  "orientation": [
    [
      -0.9661617624548012,
      -0.0005499776203233636,
      -0.2579363221705104
    ],
    [
      0.0492451738430535,
      0.9812101676802141,
      -0.18655165422513278
    ],
    [
      0.25319234116260236,
      -0.1929411940607376,
      -0.9479806612009641
    ]
  ],
  "position": [
    -2.260070730623327,
    1.8026863879550816,
    -0.3416320890188217
  ],
  "focal_length": 2056.274169921875,
  "principal_point": [
    318.60382080078125,
    1355.8125
  ],
  "skew": 0.0,
  "pixel_aspect_ratio": 1.0,
  "radial_distortion": [
    -0.17441433668136597,
    0.0021486165933310986,
    0.0
  ],
  "tangential_distortion": [
    -0.006712840870022774,
    0.0029693543910980225
  ],
  "image_size": [
    1080,
    1920
  ]
}