{
  "orientation": [
    [
      -0.9578390200242534,
      -0.0001589736736406408,
      -0.2873053888223279
    ],
    [
      0.04133501556833076,
      0.9895199994096949,
      -0.1383531252129967
    ],
    [
      0.2843164226824469,
      -0.14439579459114582,
      -0.9477942953497072
    ]
  ],
  "position": [
    -2.550915770169233,
    1.350122672592409,
    -0.3416320890188217
  ],
  "focal_length": 2056.274169921875,
  "principal_point": [
    318.60382080078125,
    1355.8125
  ],
  "skew": 0.0,
  "pixel_aspect_ratio": 1.0,
  "radial_distortion": [
    -0.17441433668136597,
    0.0021486165933310986,
    0.0
  ],
  "tangential_distortion": [
    -0.006712840870022774,
    0.0029693543910980225
  ],
  "image_size": [
    1080,
    1920
  ]
}