{
  "orientation": [
    [
      -0.975643632244232,
      -0.0010580150383791604,
      -0.21935902868462076
    ],
    [
      0.050494526826912633,
      0.9720515322983407,
      -0.22927302788809278
    ],
    [
      0.21347085426776163,
      -0.23476520006301305,
      -0.948322463731386
    ]
  ],
  "position": [
    -1.8888333935519381,
    2.1920289017594072,
    -0.3416320890188217
  ],
  "focal_length": 2056.274169921875,
  "principal_point": [
    318.60382080078125,
    1355.8125
  ],
  "skew": 0.0,
  "pixel_aspect_ratio": 1.0,
  "radial_distortion": [
    -0.17441433668136597,
    0.0021486165933310986,
    0.0
  ],
  "tangential_distortion": [
    -0.006712840870022774,
    0.0029693543910980225
  ],
  "image_size": [
    1080,
    1920
  ]
}