{
  "orientation": [
    [
      -0.9878835281566609,
      -0.0018895922225266593,
      -0.1551855799936977
    ],
    [
      0.04127429944431701,
      0.9607172239301557,
      -0.27444279522209375
    ],
    [
      0.1496080445769165,
      -0.27752269291927784,
      -0.9489987291417747
    ]
  ],
  "position": [
    -1.2923455508095505,
    2.588880387683268,
    -0.3416320890188217
  ],
  "focal_length": 2056.274169921875,
  "principal_point": [
    318.60382080078125,
    1355.8125
  ],
  "skew": 0.0,
  "pixel_aspect_ratio": 1.0,
  "radial_distortion": [
    -0.17441433668136597,
    0.0021486165933310986,
    0.0
  ],
  "tangential_distortion": [
    -0.006712840870022774,
    0.0029693543910980225
  ],
  "image_size": [
    1080,
    1920
  ]
}