{
  "orientation": [
    [
      -0.9572105987965424,
      -0.007206808925182276,
      0.28930249127285584
    ],
    [
      -0.019682217047186975,
      0.9989963230490698,
      -0.04023626307880061
    ],
    [
      -0.28872214997064627,
      -0.0442086919005182,
      -0.9563917145588271
    ]
  ],
  "position": [
    2.7711896025778318,
    0.4116919012036189,
    -0.3416320890188217
  ],
  "focal_length": 2056.274169921875,
  "principal_point": [
    318.60382080078125,
    1355.8125
  ],
  "skew": 0.0,
  "pixel_aspect_ratio": 1.0,
  "radial_distortion": [
    -0.17441433668136597,
    0.0021486165933310986,
    0.0
  ],
  "tangential_distortion": [
    -0.006712840870022774,
    0.0029693543910980225
  ],
  "image_size": [
    1080,
    1920
  ]
}