{
  "orientation": [
    [
      -0.9567379562315785,
      -0.007224056766283074,
      0.29086130046752484
    ],
    [
      -0.014146348684916477,
      0.9996643625008336,
      -0.021703528853316438
    ],
    [
      -0.29060688898356657,
      -0.024879215213496928,
      -0.9565190331225267
    ]
  ],
  "position": [
    2.7882580735016225,
    0.23294278673104965,
    -0.3416320890188217
  ],
  "focal_length": 2056.274169921875,
  "principal_point": [
    318.60382080078125,
    1355.8125
  ],
  "skew": 0.0,
  "pixel_aspect_ratio": 1.0,
  "radial_distortion": [
    -0.17441433668136597,
    0.0021486165933310986,
    0.0
  ],
  "tangential_distortion": [
    -0.006712840870022774,
    0.0029693543910980225
  ],
  "image_size": [
    1080,
    1920
  ]
}