{
  "orientation": [
    [
      -0.9882196872231928,
      -0.00565833189338933,
      0.15293735012965073
    ],
    [
      -0.04586793996432618,
      0.9643290318185211,
      -0.26070222568168194
    ],
    [
      -0.14600678706116405,
      -0.26464599311559184,
      -0.9532284702315275
    ]
  ],
  "position": [
    1.4561367783908603,
    2.4579540377056794,
    -0.3416320890188217
  ],
  "focal_length": 2056.274169921875,
  "principal_point": [
    318.60382080078125,
    1355.8125
  ],
  "skew": 0.0,
  "pixel_aspect_ratio": 1.0,
  "radial_distortion": [
    -0.17441433668136597,
    0.0021486165933310986,
    0.0
  ],
  "tangential_distortion": [
    -0.006712840870022774,
    0.0029693543910980225
  ],
  "image_size": [
    1080,
    1920
  ]
}