{
  "orientation": [
    [
      -0.983339534479402,
      -0.0059910579089783415,
      0.18167957275094068
    ],
    [
      0.0364286611951478,
      0.9726867953518368,
      0.22924517615797985
    ],
    [
      -0.17809074252571974,
      0.2320441884066596,
      -0.9562631343167697
    ]
  ],
  "position": [
    1.7485235770321863,
    -2.142804335481814,
    -0.3416320890188217
  ],
  "focal_length": 2056.274169921875,
  "principal_point": [
    318.60382080078125,
    1355.8125
  ],
  "skew": 0.0,
  "pixel_aspect_ratio": 1.0,
  "radial_distortion": [
    -0.17441433668136597,
    0.0021486165933310986,
    0.0
  ],
  "tangential_distortion": [
    -0.006712840870022774,
    0.0029693543910980225
  ],
  "image_size": [
    1080,
    1920
  ]
}