{
  "orientation": [
    [
      -0.9695467785603114,
      -0.006710137500174268,
      0.24481425252229777
    ],
    [
      0.032766537099971516,
      0.9870832538278366,
      0.15682156758280136
    ],
    [
      -0.24270434324461282,
      0.16006756094655686,
      -0.9568035209502637
    ]
  ],
  "position": [
    2.344747532778814,
    -1.4763898532264184,
    -0.3416320890188217
  ],
  "focal_length": 2056.274169921875,
  "principal_point": [
    318.60382080078125,
    1355.8125
  ],
  "skew": 0.0,
  "pixel_aspect_ratio": 1.0,
  "radial_distortion": [
    -0.17441433668136597,
    0.0021486165933310986,
    0.0
  ],
  "tangential_distortion": [
    -0.006712840870022774,
    0.0029693543910980225
  ],
  "image_size": [
    1080,
    1920
  ]
}