{
  "orientation": [
    [
      -0.9981948907514481,
      -0.0030932306802673496,
      -0.05997826274295889
    ],
    [
      0.015437375698700377,
      0.9519030377988643,
      -0.3060102842403029
    ],
    [
      0.05804005090661044,
      -0.3063838092217871,
      -0.9501369974574748
    ]
  ],
  "position": [
    -0.43847323325390514,
    2.8543861934164663,
    -0.3416320890188217
  ],
  "focal_length": 2056.274169921875,
  "principal_point": [
    318.60382080078125,
    1355.8125
  ],
  "skew": 0.0,
  "pixel_aspect_ratio": 1.0,
  "radial_distortion": [
    -0.17441433668136597,
    0.0021486165933310986,
    0.0
  ],
  "tangential_distortion": [
    -0.006712840870022774,
    0.0029693543910980225
  ],
  "image_size": [
    1080,
    1920
  ]
}