{
  "orientation": [
    [
      -0.9967974659402865,
      -0.002844080919851509,
      -0.07991697628629733
    ],
    [
      0.02150960960225641,
      0.9530009382303943,
      -0.3022028266359307
    ],
    [
      0.07702044267453799,
      -0.3029539947511985,
      -0.9498877451965095
    ]
  ],
  "position": [
    -0.6153074661287443,
    2.823205547047748,
    -0.3416320890188217
  ],
  "focal_length": 2056.274169921875,
  "principal_point": [
    318.60382080078125,
    1355.8125
  ],
  "skew": 0.0,
  "pixel_aspect_ratio": 1.0,
  "radial_distortion": [
    -0.17441433668136597,
    0.0021486165933310986,
    0.0
  ],
  "tangential_distortion": [
    -0.006712840870022774,
    0.0029693543910980225
  ],
  "image_size": [
    1080,
    1920
  ]
}