{
  "orientation": [
    [
      -0.9855678130742231,
      -0.005846767506637113,
      0.16918008494446474
    ],
    [
      -0.0485466262727439,
      0.9671866667902662,
      -0.24938559834254453
    ],
    [
      -0.16217062283171854,
      -0.25399954112725825,
      -0.9535118888600785
    ]
  ],
  "position": [
    1.6056348414480783,
    2.358490940194371,
    -0.3416320890188217
  ],
  "focal_length": 2056.274169921875,
  "principal_point": [
    318.60382080078125,
    1355.8125
  ],
  "skew": 0.0,
  "pixel_aspect_ratio": 1.0,
  "radial_distortion": [
    -0.17441433668136597,
    0.0021486165933310986,
    0.0
  ],
  "tangential_distortion": [
    -0.006712840870022774,
    0.0029693543910980225
  ],
  "image_size": [
    1080,
    1920
  ]
}