{
  "orientation": [
    [
      -0.9573721527584236,
      -0.007200887682003123,
      0.28876756801845466
    ],
    [
      0.002724117799806595,
      0.9994196971496987,
      0.03395361735393475
    ],
    [
      -0.2888444915606223,
      0.03329288461211822,
      -0.9567969709030698
    ]
  ],
  "position": [
    2.7711896025778318,
    -0.30474989574812433,
    -0.3416320890188217
  ],
  "focal_length": 2056.274169921875,
  "principal_point": [
    318.60382080078125,
    1355.8125
  ],
  "skew": 0.0,
  "pixel_aspect_ratio": 1.0,
  "radial_distortion": [
    -0.17441433668136597,
    0.0021486165933310986,
    0.0
  ],
  "tangential_distortion": [
    -0.006712840870022774,
    0.0029693543910980225
  ],
  "image_size": [
    1080,
    1920
  ]
}