{
  "orientation": [
    [
      -0.9723384221328283,
      -0.000871525563336969,
      -0.233574898667289
    ],
    [
      -0.05018930321562036,
      0.9774147480573399,
      0.20528381359166523
    ],
    [
      0.2281206406421225,
      0.21132830080989978,
      -0.9504216551561881
    ]
  ],
  "position": [
    -2.0207382865418113,
    -1.9632522631746827,
    -0.3416320890188217
  ],
  "focal_length": 2056.274169921875,
  "principal_point": [
    318.60382080078125,
    1355.8125
  ],
  "skew": 0.0,
  "pixel_aspect_ratio": 1.0,
  "radial_distortion": [
    -0.17441433668136597,
    0.0021486165933310986,
    0.0
  ],
  "tangential_distortion": [
    -0.006712840870022774,
    0.0029693543910980225
  ],
  "image_size": [
    1080,
    1920
  ]
}