{
  "orientation": [
    [
      -0.9818452060065818,
      -0.0014446966770719758,
      -0.18967842337336174
    ],
    [
      -0.0484146879379719,
      0.9687587064051503,
      0.24323360531819796
    ],
    [
      0.18340122527879094,
      0.2480009709975575,
      -0.9512410361998199
    ]
  ],
  "position": [
    -1.6031997992282987,
    -2.3024665982244708,
    -0.3416320890188217
  ],
  "focal_length": 2056.274169921875,
  "principal_point": [
    318.60382080078125,
    1355.8125
  ],
  "skew": 0.0,
  "pixel_aspect_ratio": 1.0,
  "radial_distortion": [
    -0.17441433668136597,
    0.0021486165933310986,
    0.0
  ],
  "tangential_distortion": [
    -0.006712840870022774,
    0.0029693543910980225
  ],
  "image_size": [
    1080,
    1920
  ]
}