{
  "orientation": [
    [
      -0.9819887758314424,
      -0.0014543533164055131,
      -0.18893366295474215
    ],
    [
      0.04739579602045422,
      0.9661006198022922,
      -0.2537779165672499
    ],
    [
      0.18289801163668384,
      -0.2581617269737279,
      -0.9486310347365248
    ]
  ],
  "position": [
    -1.603199799228298,
    2.409408603679965,
    -0.3416320890188217
  ],
  "focal_length": 2056.274169921875,
  "principal_point": [
    318.60382080078125,
    1355.8125
  ],
  "skew": 0.0,
  "pixel_aspect_ratio": 1.0,
  "radial_distortion": [
    -0.17441433668136597,
    0.0021486165933310986,
    0.0
  ],
  "tangential_distortion": [
    -0.006712840870022774,
    0.0029693543910980225
  ],
  "image_size": [
    1080,
    1920
  ]
}