{
  "orientation": [
    [
      -0.97871977936445,
      -0.001242960932685699,
      -0.2051975841205793
    ],
    [
      -0.04975782309818272,
      0.9715754054399194,
      0.23144198103366323
    ],
    [
      0.1990772526466356,
      0.23672702970378434,
      -0.9509619134782904
    ]
  ],
  "position": [
    -1.7494668378036202,
    -2.1983103115644274,
    -0.3416320890188217
  ],
  "focal_length": 2056.274169921875,
  "principal_point": [
    318.60382080078125,
    1355.8125
  ],
  "skew": 0.0,
  "pixel_aspect_ratio": 1.0,
  "radial_distortion": [
    -0.17441433668136597,
    0.0021486165933310986,
    0.0
  ],
  "tangential_distortion": [
    -0.006712840870022774,
    0.0029693543910980225
  ],
  "image_size": [
    1080,
    1920
  ]
}