{
  "orientation": [
    [
      -0.9691806134220333,
      -0.0007032145641964519,
      -0.24635024671424213
    ],
    [
      -0.04927475104438327,
      0.9803415352890896,
      0.19105620402526802
    ],
    [
      0.24137302557743548,
      0.19730681609186107,
      -0.9501626612571593
    ]
  ],
  "position": [
    -2.1446503823241785,
    -1.833296997243573,
    -0.3416320890188217
  ],
  "focal_length": 2056.274169921875,
  "principal_point": [
    318.60382080078125,
    1355.8125
  ],
  "skew": 0.0,
  "pixel_aspect_ratio": 1.0,
  "radial_distortion": [
    -0.17441433668136597,
    0.0021486165933310986,
    0.0
  ],
  "tangential_distortion": [
    -0.006712840870022774,
    0.0029693543910980225
  ],
  "image_size": [
    1080,
    1920
  ]
}