{
  "orientation": [
    [
      -0.950283651990023,
      0.00016442040157354888,
      -0.3113855387240012
    ],
    [
      -0.018978385913106053,
      0.9981102098097221,
      0.05844510194811834
    ],
    [
      0.31080669495465857,
      0.061449019841851624,
      -0.9484846948326777
    ]
  ],
  "position": [
    -2.795953296247168,
    -0.5699455973187644,
    -0.3416320890188217
  ],
  "focal_length": 2056.274169921875,
  "principal_point": [
    318.60382080078125,
    1355.8125
  ],
  "skew": 0.0,
  "pixel_aspect_ratio": 1.0,
  "radial_distortion": [
    -0.17441433668136597,
    0.0021486165933310986,
    0.0
  ],
  "tangential_distortion": [
    -0.006712840870022774,
    0.0029693543910980225
  ],
  "image_size": [
    1080,
    1920
  ]
}