{
  "orientation": [
    [
      -0.9605944938532839,
      -0.007079914700446361,
      0.2778634434152642
    ],
    [
      -0.034807695781345654,
      0.9948701069073402,
      -0.09498365489162093
    ],
    [
      -0.27576555748161635,
      -0.10091256210210726,
      -0.95591318231147
    ]
  ],
  "position": [
    2.6526705719166968,
    0.9364375470764282,
    -0.3416320890188217
  ],
  "focal_length": 2056.274169921875,
  "principal_point": [
    318.60382080078125,
    1355.8125
  ],
  "skew": 0.0,
  "pixel_aspect_ratio": 1.0,
  "radial_distortion": [
    -0.17441433668136597,
    0.0021486165933310986,
    0.0
  ],
  "tangential_distortion": [
    -0.006712840870022774,
    0.0029693543910980225
  ],
  "image_size": [
    1080,
    1920
  ]
}