{
  "orientation": [
    [
      -0.9661076482245713,
      -0.0005472927396378995,
      -0.25813894032602935
    ],
    [
      -0.04762468928283066,
      0.9832096897527616,
      0.176155031001082
    ],
    [
      0.25370829906154435,
      0.18247850954820807,
      -0.9499124657253227
    ]
  ],
  "position": [
    -2.260070730623327,
    -1.6957443824995881,
    -0.3416320890188217
  ],
  "focal_length": 2056.274169921875,
  "principal_point": [
    318.60382080078125,
    1355.8125
  ],
  "skew": 0.0,
  "pixel_aspect_ratio": 1.0,
  "radial_distortion": [
    -0.17441433668136597,
    0.0021486165933310986,
    0.0
  ],
  "tangential_distortion": [
    -0.006712840870022774,
    0.0029693543910980225
  ],
  "image_size": [
    1080,
    1920
  ]
}