{
  "orientation": [
    [
      -0.9480972580385678,
      0.0002534378324304833,
      -0.3179803847236722
    ],
    [
      -0.0010979553053866225,
      0.9999911118924266,
      0.004070703906653139
    ],
    [
      0.31797859015018104,
      0.004208551462600962,
      -0.9480885529847356
    ]
  ],
  "position": [
    -2.8640554187231393,
    -0.036310090249010094,
    -0.3416320890188217
  ],
  "focal_length": 2056.274169921875,
  "principal_point": [
    318.60382080078125,
    1355.8125
  ],
  "skew": 0.0,
  "pixel_aspect_ratio": 1.0,
  "radial_distortion": [
    -0.17441433668136597,
    0.0021486165933310986,
    0.0
  ],
  "tangential_distortion": [
    -0.006712840870022774,
    0.0029693543910980225
  ],
  "image_size": [
    1080,
    1920
  ]
}