{
  "orientation": [
    [
      -0.962761237097659,
      -0.00699528448455645,
      0.27026258774970197
    ],
    [
      0.02258681786263897,
      0.9940891078966315,
      0.10619171916924457
    ],
    [
      -0.26940793603942925,
      0.10834164276149708,
      -0.9569124580873191
    ]
  ],
  "position": [
    2.591256687341006,
    -0.9982288027336368,
    -0.3416320890188217
  ],
  "focal_length": 2056.274169921875,
  "principal_point": [
    318.60382080078125,
    1355.8125
  ],
  "skew": 0.0,
  "pixel_aspect_ratio": 1.0,
  "radial_distortion": [
    -0.17441433668136597,
    0.0021486165933310986,
    0.0
  ],
  "tangential_distortion": [
    -0.006712840870022774,
    0.0029693543910980225
  ],
  "image_size": [
    1080,
    1920
  ]
}