{
  "orientation": [
    [
      -0.9950046273402745,
      -0.005033425893090508,
      0.0997018364686445
    ],
    [
      -0.03372055081706083,
      0.956972749200382,
      -0.28821186953430106
    ],
    [
      -0.09396124745891565,
      -0.2901341446842162,
      -0.9523620435865358
    ]
  ],
  "position": [
    0.9741248098105344,
    2.6968456776528433,
    -0.3416320890188217
  ],
  "focal_length": 2056.274169921875,
  "principal_point": [
    318.60382080078125,
    1355.8125
  ],
  "skew": 0.0,
  "pixel_aspect_ratio": 1.0,
  "radial_distortion": [
    -0.17441433668136597,
    0.0021486165933310986,
    0.0
  ],
  "tangential_distortion": [
    -0.006712840870022774,
    0.0029693543910980225
  ],
  "image_size": [
    1080,
    1920
  ]
}