{
  "orientation": [
    [
      -0.9799726348180554,
      -0.006190369237369408,
      0.19903596242001922
    ],
    [
      -0.05162991601639104,
      0.9732354509534749,
      -0.22393550138271343
    ],
    [
      -0.19232261120289185,
      -0.2297268733433071,
      -0.9540637174130508
    ]
  ],
  "position": [
    1.884227622636673,
    2.1321581160549714,
    -0.3416320890188217
  ],
  "focal_length": 2056.274169921875,
  "principal_point": [
    318.60382080078125,
    1355.8125
  ],
  "skew": 0.0,
  "pixel_aspect_ratio": 1.0,
  "radial_distortion": [
    -0.17441433668136597,
    0.0021486165933310986,
    0.0
  ],
  "tangential_distortion": [
    -0.006712840870022774,
    0.0029693543910980225
  ],
  "image_size": [
    1080,
    1920
  ]
}