{
  "orientation": [
    [
      -0.9997659301479227,
      -0.004092374891001648,
      0.021244702474038923
    ],
    [
      -0.010435097561783898,
      0.9513926332670778,
      -0.30780377857331676
    ],
    [
      -0.01895240497496262,
      -0.30795342153138494,
      -0.9512126452653886
    ]
  ],
  "position": [
    0.27787838350232386,
    2.8657532330566475,
    -0.3416320890188217
  ],
  "focal_length": 2056.274169921875,
  "principal_point": [
    318.60382080078125,
    1355.8125
  ],
  "skew": 0.0,
  "pixel_aspect_ratio": 1.0,
  "radial_distortion": [
    -0.17441433668136597,
    0.0021486165933310986,
    0.0
  ],
  "tangential_distortion": [
    -0.006712840870022774,
    0.0029693543910980225
  ],
  "image_size": [
    1080,
    1920
  ]
}