{
  "orientation": [
    [
      -0.9980762094083684,
      -0.0030689968603059984,
      -0.06192302860240341
    ],
    [
      -0.021285466767619894,
      0.9550291987555134,
      0.2957467809273437
    ],
    [
      0.058230654448556456,
      0.2964958866201572,
      -0.9532572475988942
    ]
  ],
  "position": [
    -0.43847323325390514,
    -2.7474441879609723,
    -0.3416320890188217
  ],
  "focal_length": 2056.274169921875,
  "principal_point": [
    318.60382080078125,
    1355.8125
  ],
  "skew": 0.0,
  "pixel_aspect_ratio": 1.0,
  "radial_distortion": [
    -0.17441433668136597,
    0.0021486165933310986,
    0.0
  ],
  "tangential_distortion": [
    -0.006712840870022774,
    0.0029693543910980225
  ],
  "image_size": [
    1080,
    1920
  ]
}