{
  "orientation": [
    [
      -0.9805352890124096,
      -0.006158417018270132,
      0.1962463271023935
    ],
    [
      0.03715877684452851,
      0.9756244072917111,
      0.21627815701109604
    ],
    [
      -0.19279463764526514,
      0.2193606386673025,
      -0.9564053209276411
    ]
  ],
  "position": [
    1.8842276226366732,
    -2.0252161105994775,
    -0.3416320890188217
  ],
  "focal_length": 2056.274169921875,
  "principal_point": [
    318.60382080078125,
    1355.8125
  ],
  "skew": 0.0,
  "pixel_aspect_ratio": 1.0,
  "radial_distortion": [
    -0.17441433668136597,
    0.0021486165933310986,
    0.0
  ],
  "tangential_distortion": [
    -0.006712840870022774,
    0.0029693543910980225
  ],
  "image_size": [
    1080,
    1920
  ]
}