{
  "orientation": [
    [
      -0.9777067934260032,
      -0.006314272581164625,
      0.20987986099293454
    ],
    [
      0.037145988908528146,
      0.9785812057627372,
      0.20248209608741943
    ],
    [
      -0.2066630145832831,
      0.2057643158803737,
      -0.9565309428939722
    ]
  ],
  "position": [
    2.012200545965789,
    -1.8992577463714355,
    -0.3416320890188217
  ],
  "focal_length": 2056.274169921875,
  "principal_point": [
    318.60382080078125,
    1355.8125
  ],
  "skew": 0.0,
  "pixel_aspect_ratio": 1.0,
  "radial_distortion": [
    -0.17441433668136597,
    0.0021486165933310986,
    0.0
  ],
  "tangential_distortion": [
    -0.006712840870022774,
    0.0029693543910980225
  ],
  "image_size": [
    1080,
    1920
  ]
}