{
  "orientation": [
    [
      -0.9632019485785046,
      -0.00040606363481532034,
      -0.26877842429573157
    ],
    [
      0.04730306531995415,
      0.9841342669498397,
      -0.1710034053065546
    ],
    [
      0.26458349583053736,
      -0.17742485656588852,
      -0.947900835534322
    ]
  ],
  "position": [
    -2.3665345744335484,
    1.6580903002294571,
    -0.3416320890188217
  ],
  "focal_length": 2056.274169921875,
  "principal_point": [
    318.60382080078125,
    1355.8125
  ],
  "skew": 0.0,
  "pixel_aspect_ratio": 1.0,
  "radial_distortion": [
    -0.17441433668136597,
    0.0021486165933310986,
    0.0
  ],
  "tangential_distortion": [
    -0.006712840870022774,
    0.0029693543910980225
  ],
  "image_size": [
    1080,
    1920
  ]
}