{
  "orientation": [
    [
      -0.9665562382306468,
      -0.006839887318737137,
      0.256363519789552
    ],
    [
      -0.046037365795415244,
      0.9880330580028179,
      -0.14721153910009752
    ],
    [
      -0.2522887220785745,
      -0.15409053259388583,
      -0.9553044061852184
    ]
  ],
  "position": [
    2.436984568084633,
    1.4292704814895842,
    -0.3416320890188217
  ],
  "focal_length": 2056.274169921875,
  "principal_point": [
    318.60382080078125,
    1355.8125
  ],
  "skew": 0.0,
  "pixel_aspect_ratio": 1.0,
  "radial_distortion": [
    -0.17441433668136597,
    0.0021486165933310986,
    0.0
  ],
  "tangential_distortion": [
    -0.006712840870022774,
    0.0029693543910980225
  ],
  "image_size": [
    1080,
    1920
  ]
}