{
  "orientation": [
    [
      -0.9991159621108942,
      -0.003317707629012502,
      -0.041908078831061325
    ],
    [
      -0.015682770303787487,
      0.9543318863508277,
      0.2983365572799781
    ],
    [
      0.039004422452084846,
      0.2987300512338178,
      -0.9535402516511928
    ]
  ],
  "position": [
    -0.26001742609056033,
    -2.7673465374223505,
    -0.3416320890188217
  ],
  "focal_length": 2056.274169921875,
  "principal_point": [
    318.60382080078125,
    1355.8125
  ],
  "skew": 0.0,
  "pixel_aspect_ratio": 1.0,
  "radial_distortion": [
    -0.17441433668136597,
    0.0021486165933310986,
    0.0
  ],
  "tangential_distortion": [
    -0.006712840870022774,
    0.0029693543910980225
  ],
  "image_size": [
    1080,
    1920
  ]
}