{
  "orientation": [
    [
      -0.9517036795343008,
      0.00010557521575885657,
      -0.3070180698505333
    ],
    [
      0.027996607585432414,
      0.9958634070847993,
      -0.08644226045843116
    ],
    [
      0.30573893491765236,
      -0.09086288176879358,
      -0.9477698245840548
    ]
  ],
  "position": [
    -2.750856614671109,
    0.8506945874878523,
    -0.3416320890188217
  ],
  "focal_length": 2056.274169921875,
  "principal_point": [
    318.60382080078125,
    1355.8125
  ],
  "skew": 0.0,
  "pixel_aspect_ratio": 1.0,
  "radial_distortion": [
    -0.17441433668136597,
    0.0021486165933310986,
    0.0
  ],
  "tangential_distortion": [
    -0.006712840870022774,
    0.0029693543910980225
  ],
  "image_size": [
    1080,
    1920
  ]
}