{
  "orientation": [
    [
      -0.9623264379020315,
      -0.007012492517561251,
      0.2718062763504158
    ],
    [
      -0.039082103722910544,
      0.9928539815564674,
      -0.11275442552761242
    ],
    [
      -0.2690732541212135,
      -0.11912932576054219,
      -0.955723698388012
    ]
  ],
  "position": [
    2.5912566873410054,
    1.1051708081891316,
    -0.3416320890188217
  ],
  "focal_length": 2056.274169921875,
  "principal_point": [
    318.60382080078125,
    1355.8125
  ],
  "skew": 0.0,
  "pixel_aspect_ratio": 1.0,
  "radial_distortion": [
    -0.17441433668136597,
    0.0021486165933310986,
    0.0
  ],
  "tangential_distortion": [
    -0.006712840870022774,
    0.0029693543910980225
  ],
  "image_size": [
    1080,
    1920
  ]
}