{
  "orientation": [
    [
      -0.9749020773944634,
      -0.006458322392083623,
      0.22254039984649857
    ],
    [
      0.03639599250841757,
      0.9815083522042778,
      0.18792734309453346
    ],
    [
      -0.21963895652021015,
      0.19131033590771618,
      -0.956639474490568
    ]
  ],
  "position": [
    2.1319270452245327,
    -1.7654364326742156,
    -0.3416320890188217
  ],
  "focal_length": 2056.274169921875,
  "principal_point": [
    318.60382080078125,
    1355.8125
  ],
  "skew": 0.0,
  "pixel_aspect_ratio": 1.0,
  "radial_distortion": [
    -0.17441433668136597,
    0.0021486165933310986,
    0.0
  ],
  "tangential_distortion": [
    -0.006712840870022774,
    0.0029693543910980225
  ],
  "image_size": [
    1080,
    1920
  ]
}