{
  "orientation": [
    [
      -0.9591519736133869,
      -0.007134760714349618,
      0.28280132019333604
    ],
    [
      -0.03009682812294721,
      0.9965818222019021,
      -0.07693407953354844
    ],
    [
      -0.2812857487511278,
      -0.08230289694953366,
      -0.956088155299098
    ]
  ],
  "position": [
    2.703259085677416,
    0.7641488913271728,
    -0.3416320890188217
  ],
  "focal_length": 2056.274169921875,
  "principal_point": [
    318.60382080078125,
    1355.8125
  ],
  "skew": 0.0,
  "pixel_aspect_ratio": 1.0,
  "radial_distortion": [
    -0.17441433668136597,
    0.0021486165933310986,
    0.0
  ],
  "tangential_distortion": [
    -0.006712840870022774,
    0.0029693543910980225
  ],
  "image_size": [
    1080,
    1920
  ]
}