{
  "orientation": [
    [
      -0.9997573507350779,
      -0.003566794516763095,
      -0.0217374705992607
    ],
    [
      -0.009917638365090225,
      0.954014632930298,
      0.2995959288844361
    ],
    [
      0.01966926791819729,
      0.29973881652489387,
      -0.9538185161590323
    ]
  ],
  "position": [
    -0.08065862318928854,
    -2.7758904502395176,
    -0.3416320890188217
  ],
  "focal_length": 2056.274169921875,
  "principal_point": [
    318.60382080078125,
    1355.8125
  ],
  "skew": 0.0,
  "pixel_aspect_ratio": 1.0,
  "radial_distortion": [
    -0.17441433668136597,
    0.0021486165933310986,
    0.0
  ],
  "tangential_distortion": [
    -0.006712840870022774,
    0.0029693543910980225
  ],
  "image_size": [
    1080,
    1920
  ]
}