{
  "orientation": [
    [
      -0.9998044307228722,
      -0.003594983778204789,
      -0.019446758047246437
    ],
    [
      0.002603319422457515,
      0.9508564987004888,
      -0.30962096441783793
    ],
    [
      0.01960415861235455,
      -0.30961103819257124,
      -0.9506611814912922
    ]
  ],
  "position": [
    -0.08065862318928974,
    2.8828324556950116,
    -0.3416320890188217
  ],
  "focal_length": 2056.274169921875,
  "principal_point": [
    318.60382080078125,
    1355.8125
  ],
  "skew": 0.0,
  "pixel_aspect_ratio": 1.0,
  "radial_distortion": [
    -0.17441433668136597,
    0.0021486165933310986,
    0.0
  ],
  "tangential_distortion": [
    -0.006712840870022774,
    0.0029693543910980225
  ],
  "image_size": [
    1080,
    1920
  ]
}