{
  "orientation": [
    [
      -0.9982823107978009,
      -0.00454111953709248,
      0.05841066838816651
    ],
    [
      0.012690091828618716,
      0.956562534335707,
      0.2912508875087426
    ],
    [
      -0.057196062081088614,
      0.2914918457497549,
      -0.9548618299753202
    ]
  ],
  "position": [
    0.631368792169094,
    -2.6964813311315408,
    -0.3416320890188217
  ],
  "focal_length": 2056.274169921875,
  "principal_point": [
    318.60382080078125,
    1355.8125
  ],
  "skew": 0.0,
  "pixel_aspect_ratio": 1.0,
  "radial_distortion": [
    -0.17441433668136597,
    0.0021486165933310986,
    0.0
  ],
  "tangential_distortion": [
    -0.006712840870022774,
    0.0029693543910980225
  ],
  "image_size": [
    1080,
    1920
  ]
}