{
  "orientation": [
    [
      -0.974321011133586,
      -0.006487024032142835,
      0.22506995753061507
    ],
    [
      -0.05161366605418647,
      0.9794033334269437,
      -0.19520537889268758
    ],
    [
      -0.21916796467566466,
      -0.20180938776825325,
      -0.9545880652242251
    ]
  ],
  "position": [
    2.1319270452245336,
    1.8723784381297086,
    -0.3416320890188217
  ],
  "focal_length": 2056.274169921875,
  "principal_point": [
    318.60382080078125,
    1355.8125
  ],
  "skew": 0.0,
  "pixel_aspect_ratio": 1.0,
  "radial_distortion": [
    -0.17441433668136597,
    0.0021486165933310986,
    0.0
  ],
  "tangential_distortion": [
    -0.006712840870022774,
    0.0029693543910980225
  ],
  "image_size": [
    1080,
    1920
  ]
}