{
  "orientation": [
    [
      -0.9907080104909282,
      -0.00545950945242052,
      0.1358964006353592
    ],
    [
      -0.042471050393460955,
      0.9616453068903161,
      -0.2709880322344624
    ],
    [
      -0.12920467417080247,
      -0.27424167716153003,
      -0.9529415798883204
    ]
  ],
  "position": [
    1.300631363796053,
    2.5477351306824363,
    -0.3416320890188217
  ],
  "focal_length": 2056.274169921875,
  "principal_point": [
    318.60382080078125,
    1355.8125
  ],
  "skew": 0.0,
  "pixel_aspect_ratio": 1.0,
  "radial_distortion": [
    -0.17441433668136597,
    0.0021486165933310986,
    0.0
  ],
  "tangential_distortion": [
    -0.006712840870022774,
    0.0029693543910980225
  ],
  "image_size": [
    1080,
    1920
  ]
}