{
  "orientation": [
    [
      -0.9950340899817032,
      -0.0025978674545158688,
      -0.09950080833326179
    ],
    [
      0.027217147247446942,
      0.9544588374713946,
      -0.29709856019251396
    ],
    [
      0.09574124852953675,
      -0.2983313236276788,
      -0.9496483742273046
    ]
  ],
  "position": [
    -0.7898080756718311,
    2.7808721572296022,
    -0.3416320890188217
  ],
  "focal_length": 2056.274169921875,
  "principal_point": [
    318.60382080078125,
    1355.8125
  ],
  "skew": 0.0,
  "pixel_aspect_ratio": 1.0,
  "radial_distortion": [
    -0.17441433668136597,
    0.0021486165933310986,
    0.0
  ],
  "tangential_distortion": [
    -0.006712840870022774,
    0.0029693543910980225
  ],
  "image_size": [
    1080,
    1920
  ]
}