{
  "orientation": [
    [
      -0.999817779352774,
      -0.00406087905002236,
      0.018652542760409348
    ],
    [
      0.00168413584310352,
      0.954537084369785,
      0.29808743390034387
    ],
    [
      -0.01901504079800471,
      0.2980645296310364,
      -0.9543563089325072
    ]
  ],
  "position": [
    0.2778783835023232,
    -2.7588112276011536,
    -0.3416320890188217
  ],
  "focal_length": 2056.274169921875,
  "principal_point": [
    318.60382080078125,
    1355.8125
  ],
  "skew": 0.0,
  "pixel_aspect_ratio": 1.0,
  "radial_distortion": [
    -0.17441433668136597,
    0.0021486165933310986,
    0.0
  ],
  "tangential_distortion": [
    -0.006712840870022774,
    0.0029693543910980225
  ],
  "image_size": [
    1080,
    1920
  ]
}