{
  "orientation": [
    [
      -0.9999915746285098,
      -0.003814948133614358,
      -0.0015155338106865896
    ],
    [
      -0.004093735506090632,
      0.9540833275670687,
      0.2995133475959892
    ],
    [
      0.00030331765473635383,
      0.2995170282793409,
      -0.9540909064492298
    ]
  ],
  "position": [
    0.09888096085419368,
    -2.77304152309108,
    -0.3416320890188217
  ],
  "focal_length": 2056.274169921875,
  "principal_point": [
    318.60382080078125,
    1355.8125
  ],
  "skew": 0.0,
  "pixel_aspect_ratio": 1.0,
  "radial_distortion": [
    -0.17441433668136597,
    0.0021486165933310986,
    0.0
  ],
  "tangential_distortion": [
    -0.006712840870022774,
    0.0029693543910980225
  ],
  "image_size": [
    1080,
    1920
  ]
}