{
  "orientation": [
    [
      -0.9991340444478701,
      -0.004336156981823153,
      0.04138065934552532
    ],
    [
      -0.016759160924264008,
      0.9522478195559269,
      -0.3048659060572334
    ],
    [
      -0.03808269620649315,
      -0.30529541086235185,
      -0.9514958856222301
    ]
  ],
  "position": [
    0.4556128853101221,
    2.8401988696026756,
    -0.3416320890188217
  ],
  "focal_length": 2056.274169921875,
  "principal_point": [
    318.60382080078125,
    1355.8125
  ],
  "skew": 0.0,
  "pixel_aspect_ratio": 1.0,
  "radial_distortion": [
    -0.17441433668136597,
    0.0021486165933310986,
    0.0
  ],
  "tangential_distortion": [
    -0.006712840870022774,
    0.0029693543910980225
  ],
  "image_size": [
    1080,
    1920
  ]
}