{
  "orientation": [
    [
      -0.9648079441196528,
      -0.006912675710594109,
      0.26286469119706657
    ],
    [
      0.02654317618633339,
      0.9919883031356083,
      0.12350978196109794
    ],
    [
      -0.261612482044627,
      0.12614048262416333,
      -0.9568947109697038
    ]
  ],
  "position": [
    2.5192647239878814,
    -1.1627272399206414,
    -0.3416320890188217
  ],
  "focal_length": 2056.274169921875,
  "principal_point": [
    318.60382080078125,
    1355.8125
  ],
  "skew": 0.0,
  "pixel_aspect_ratio": 1.0,
  "radial_distortion": [
    -0.17441433668136597,
    0.0021486165933310986,
    0.0
  ],
  "tangential_distortion": [
    -0.006712840870022774,
    0.0029693543910980225
  ],
  "image_size": [
    1080,
    1920
  ]
}