{
  "orientation": [
    [
      -0.9999921730871479,
      -0.0038448895579633797,
      0.0009330534447743378
    ],
    [
      -0.003944917066393213,
      0.950926316115173,
      -0.30939227357670984
    ],
    [
      0.0003023140470118079,
      -0.30939353280880555,
      -0.9509340410682035
    ]
  ],
  "position": [
    0.0988809608541931,
    2.879983528546574,
    -0.3416320890188217
  ],
  "focal_length": 2056.274169921875,
  "principal_point": [
    318.60382080078125,
    1355.8125
  ],
  "skew": 0.0,
  "pixel_aspect_ratio": 1.0,
  "radial_distortion": [
    -0.17441433668136597,
    0.0021486165933310986,
    0.0
  ],
  "tangential_distortion": [
    -0.006712840870022774,
    0.0029693543910980225
  ],
  "image_size": [
    1080,
    1920
  ]
}