{
  "orientation": [
    [
      -0.9566070983533301,
      -0.007228812396341549,
      0.2912912694389597
    ],
    [
      -0.00850758278256151,
      0.9999589310089438,
      -0.003123672621804028
    ],
    [
      -0.2912567259570498,
      -0.00546631199153907,
      -0.9566293111848452
    ]
  ],
  "position": [
    2.793955210596323,
    0.05347100272774627,
    -0.3416320890188217
  ],
  "focal_length": 2056.274169921875,
  "principal_point": [
    318.60382080078125,
    1355.8125
  ],
  "skew": 0.0,
  "pixel_aspect_ratio": 1.0,
  "radial_distortion": [
    -0.17441433668136597,
    0.0021486165933310986,
    0.0
  ],
  "tangential_distortion": [
    -0.006712840870022774,
    0.0029693543910980225
  ],
  "image_size": [
    1080,
    1920
  ]
}