{
  "orientation": [
    [
      -0.988679133030727,
      -0.005623442039264301,
      0.1499398172909423
    ],
    [
      0.03277982857450455,
      0.9670638468663735,
      0.25241433977220357
    ],
    [
      -0.14642081391740802,
      0.2544717921177952,
      -0.9559315102391601
    ]
  ],
  "position": [
    1.4561367783908603,
    -2.3510120322501855,
    -0.3416320890188217
  ],
  "focal_length": 2056.274169921875,
  "principal_point": [
    318.60382080078125,
    1355.8125
  ],
  "skew": 0.0,
  "pixel_aspect_ratio": 1.0,
  "radial_distortion": [
    -0.17441433668136597,
    0.0021486165933310986,
    0.0
  ],
  "tangential_distortion": [
    -0.006712840870022774,
    0.0029693543910980225
  ],
  "image_size": [
    1080,
    1920
  ]
}