{
  "orientation": [
    [
      -0.995297935351781,
      -0.004998235121267502,
      0.09673178138623623
    ],
    [
      0.022321520234139764,
      0.9599520959451429,
      0.27927356341939064
    ],
    [
      -0.09425375121934913,
      0.2801196014851514,
      -0.955326770924421
    ]
  ],
  "position": [
    0.9741248098105337,
    -2.58990367219735,
    -0.3416320890188217
  ],
  "focal_length": 2056.274169921875,
  "principal_point": [
    318.60382080078125,
    1355.8125
  ],
  "skew": 0.0,
  "pixel_aspect_ratio": 1.0,
  "radial_distortion": [
    -0.17441433668136597,
    0.0021486165933310986,
    0.0
  ],
  "tangential_distortion": [
    -0.006712840870022774,
    0.0029693543910980225
  ],
  "image_size": [
    1080,
    1920
  ]
}