{
  "orientation": [
    [
      -0.9631638704642154,
      -0.00040424960108875887,
      -0.2689148475161832
    ],
    [
      -0.04526667268553281,
      0.9859731913870141,
      0.1606480445261854
    ],
    [
      0.2650778885089681,
      0.16690327273114336,
      -0.949672054224647
    ]
  ],
  "position": [
    -2.3665345744335484,
    -1.5511482947739625,
    -0.3416320890188217
  ],
  "focal_length": 2056.274169921875,
  "principal_point": [
    318.60382080078125,
    1355.8125
  ],
  "skew": 0.0,
  "pixel_aspect_ratio": 1.0,
  "radial_distortion": [
    -0.17441433668136597,
    0.0021486165933310986,
    0.0
  ],
  "tangential_distortion": [
    -0.006712840870022774,
    0.0029693543910980225
  ],
  "image_size": [
    1080,
    1920
  ]
}