{
  "orientation": [
    [
      -0.9484619572344877,
      0.00023871882374109605,
      -0.31689092554418175
    ],
    [
      0.011079927293966984,
      0.9994132541151252,
      -0.03240960830027369
    ],
    [
      0.3166972543140931,
      -0.03425040893682811,
      -0.9479080960713306
    ]
  ],
  "position": [
    -2.852666881067867,
    0.32245276488427566,
    -0.3416320890188217
  ],
  "focal_length": 2056.274169921875,
  "principal_point": [
    318.60382080078125,
    1355.8125
  ],
  "skew": 0.0,
  "pixel_aspect_ratio": 1.0,
  "radial_distortion": [
    -0.17441433668136597,
    0.0021486165933310986,
    0.0
  ],
  "tangential_distortion": [
    -0.006712840870022774,
    0.0029693543910980225
  ],
  "image_size": [
    1080,
    1920
  ]
}