{
  "orientation": [
    [
      -0.9568195378176654,
      -0.007221087632325921,
      0.2905928903875581
    ],
    [
      -0.0028545671229200965,
      0.9998766077502361,
      0.015447353184961168
    ],
    [
      -0.29066858016808395,
      0.013950812423886141,
      -0.9567220867816232
    ]
  ],
  "position": [
    2.7882580735016225,
    -0.12600078127555578,
    -0.3416320890188217
  ],
  "focal_length": 2056.274169921875,
  "principal_point": [
    318.60382080078125,
    1355.8125
  ],
  "skew": 0.0,
  "pixel_aspect_ratio": 1.0,
  "radial_distortion": [
    -0.17441433668136597,
    0.0021486165933310986,
    0.0
  ],
  "tangential_distortion": [
    -0.006712840870022774,
    0.0029693543910980225
  ],
  "image_size": [
    1080,
    1920
  ]
}