{
  "orientation": [
    [
      -0.975534322563892,
      -0.0010516579954709107,
      -0.21984467133698907
    ],
    [
      -0.05035189035464519,
      0.9744767043652036,
      0.21876891869560772
    ],
    [
      0.2140034407142137,
      0.22448618368396794,
      -0.9506884246152816
    ]
  ],
  "position": [
    -1.8888333935519388,
    -2.085086896303913,
    -0.3416320890188217
  ],
  "focal_length": 2056.274169921875,
  "principal_point": [
    318.60382080078125,
    1355.8125
  ],
  "skew": 0.0,
  "pixel_aspect_ratio": 1.0,
  "radial_distortion": [
    -0.17441433668136597,
    0.0021486165933310986,
    0.0
  ],
  "tangential_distortion": [
    -0.006712840870022774,
    0.0029693543910980225
  ],
  "image_size": [
    1080,
    1920
  ]
}