{
  "orientation": [
    [
      -0.9480957062044766,
      0.0002535003549297807,
      -0.31798501161879444
    ],
    [
      0.005023446433203708,
      0.9998868305752251,
      -0.014180656831190335
    ],
    [
      0.3179454306364027,
      -0.015042000525239409,
      -0.9479896842042276
    ]
  ],
  "position": [
    -2.8640554187231393,
    0.14325209570450342,
    -0.3416320890188217
  ],
  "focal_length": 2056.274169921875,
  "principal_point": [
    318.60382080078125,
    1355.8125
  ],
  "skew": 0.0,
  "pixel_aspect_ratio": 1.0,
  "radial_distortion": [
    -0.17441433668136597,
    0.0021486165933310986,
    0.0
  ],
  "tangential_distortion": [
    -0.006712840870022774,
    0.0029693543910980225
  ],
  "image_size": [
    1080,
    1920
  ]
}