{
  "orientation": [
    [
      -0.9981128488067478,
      -0.004575011793047436,
      0.06123569477005863
    ],
    [
      -0.02281263652061648,
      0.9534776205723287,
      -0.3005994189660197
    ],
    [
      -0.05701161865669615,
      -0.30142909006070384,
      -0.9517826322240386
    ]
  ],
  "position": [
    0.6313687921690935,
    2.8034233365870347,
    -0.3416320890188217
  ],
  "focal_length": 2056.274169921875,
  "principal_point": [
    318.60382080078125,
    1355.8125
  ],
  "skew": 0.0,
  "pixel_aspect_ratio": 1.0,
  "radial_distortion": [
    -0.17441433668136597,
    0.0021486165933310986,
    0.0
  ],
  "tangential_distortion": [
    -0.006712840870022774,
    0.0029693543910980225
  ],
  "image_size": [
    1080,
    1920
  ]
}