{
  "orientation": [
    [
      -0.9927672303200411,
      -0.002338136416551556,
      -0.12003232698224237
    ],
    [
      -0.03614394134567244,
      0.9592448479995079,
      0.28025512857109575
    ],
    [
      0.1144851165290709,
      0.2825665491605445,
      -0.9523913604127384
    ]
  ],
  "position": [
    -0.9612724095174389,
    -2.6206144801260254,
    -0.3416320890188217
  ],
  "focal_length": 2056.274169921875,
  "principal_point": [
    318.60382080078125,
    1355.8125
  ],
  "skew": 0.0,
  "pixel_aspect_ratio": 1.0,
  "radial_distortion": [
    -0.17441433668136597,
    0.0021486165933310986,
    0.0
  ],
  "tangential_distortion": [
    -0.006712840870022774,
    0.0029693543910980225
  ],
  "image_size": [
    1080,
    1920
  ]
}