{
  "orientation": [
    [
      -0.9534550236115498,
      3.1822613994102876e-05,
      -0.30153526649004114
    ],
    [
      0.03294166860143902,
      0.9940256778213025,
      -0.10405670714400381
    ],
    [
      0.2997304863033653,
      -0.10914646498728782,
      -0.9477598244076011
    ]
  ],
  "position": [
    -2.6948272070708814,
    1.0212914342007142,
    -0.3416320890188217
  ],
  "focal_length": 2056.274169921875,
  "principal_point": [
    318.60382080078125,
    1355.8125
  ],
  "skew": 0.0,
  "pixel_aspect_ratio": 1.0,
  "radial_distortion": [
    -0.17441433668136597,
    0.0021486165933310986,
    0.0
  ],
  "tangential_distortion": [
    -0.006712840870022774,
    0.0029693543910980225
  ],
  "image_size": [
    1080,
    1920
  ]
}