{
  "orientation": [
    [
      -0.9850176420726492,
      -0.0016675665052164055,
      -0.17244553930904993
    ],
    [
      0.04469662099677871,
      0.9633150941936685,
      -0.26462471798778353
    ],
    [
      0.16656067025894414,
      -0.268367748659548,
      -0.9488078280675686
    ]
  ],
  "position": [
    -1.4506212435662753,
    2.5040783611344697,
    -0.3416320890188217
  ],
  "focal_length": 2056.274169921875,
  "principal_point": [
    318.60382080078125,
    1355.8125
  ],
  "skew": 0.0,
  "pixel_aspect_ratio": 1.0,
  "radial_distortion": [
    -0.17441433668136597,
    0.0021486165933310986,
    0.0
  ],
  "tangential_distortion": [
    -0.006712840870022774,
    0.0029693543910980225
  ],
  "image_size": [
    1080,
    1920
  ]
}