{
  "orientation": [
    [
      -0.9534570237504969,
      3.173761603998854e-05,
      -0.3015289419832998
    ],
    [
      -0.029648129257119505,
      0.9951443869244382,
      0.09385434249056973
    ],
    [
      0.300067812823031,
      0.09842585110380177,
      -0.948826464398045
    ]
  ],
  "position": [
    -2.694827207070882,
    -0.9143494287452197,
    -0.3416320890188217
  ],
  "focal_length": 2056.274169921875,
  "principal_point": [
    318.60382080078125,
    1355.8125
  ],
  "skew": 0.0,
  "pixel_aspect_ratio": 1.0,
  "radial_distortion": [
    -0.17441433668136597,
    0.0021486165933310986,
    0.0
  ],
  "tangential_distortion": [
    -0.006712840870022774,
    0.0029693543910980225
  ],
  "image_size": [
    1080,
    1920
  ]
}