{
  "orientation": [
    [
      -0.959462382262682,
      -0.0071230556351703335,
      0.28174669315049156
    ],
    [
      0.01331099212425724,
      0.9974197182350631,
      0.0705458940304487
    ],
    [
      -0.2815222096238358,
      0.07143645955886674,
      -0.9568918840361264
    ]
  ],
  "position": [
    2.703259085677416,
    -0.6572068858716794,
    -0.3416320890188217
  ],
  "focal_length": 2056.274169921875,
  "principal_point": [
    318.60382080078125,
    1355.8125
  ],
  "skew": 0.0,
  "pixel_aspect_ratio": 1.0,
  "radial_distortion": [
    -0.17441433668136597,
    0.0021486165933310986,
    0.0
  ],
  "tangential_distortion": [
    -0.006712840870022774,
    0.0029693543910980225
  ],
  "image_size": [
    1080,
    1920
  ]
}