{
  "orientation": [
    [
      -0.9609708287618066,
      -0.007065413693511134,
      0.2765594803983148
    ],
    [
      0.018152084050478842,
      0.9959092802751345,
      0.08851670636940692
    ],
    [
      -0.2760535602260378,
      0.09008210361222144,
      -0.9569115144543545
    ]
  ],
  "position": [
    2.6526705719166968,
    -0.8294955416209342,
    -0.3416320890188217
  ],
  "focal_length": 2056.274169921875,
  "principal_point": [
    318.60382080078125,
    1355.8125
  ],
  "skew": 0.0,
  "pixel_aspect_ratio": 1.0,
  "radial_distortion": [
    -0.17441433668136597,
    0.0021486165933310986,
    0.0
  ],
  "tangential_distortion": [
    -0.006712840870022774,
    0.0029693543910980225
  ],
  "image_size": [
    1080,
    1920
  ]
}