{
  "orientation": [
    [
      -0.9670810813052299,
      -0.006817610990160464,
      0.2543770869435655
    ],
    [
      0.029955697730638366,
      0.9896404680718922,
      0.14040797743688568
    ],
    [
      -0.25269910635967446,
      0.14340594176962548,
      -0.9568583476723129
    ]
  ],
  "position": [
    2.436984568084633,
    -1.3223284760340905,
    -0.3416320890188217
  ],
  "focal_length": 2056.274169921875,
  "principal_point": [
    318.60382080078125,
    1355.8125
  ],
  "skew": 0.0,
  "pixel_aspect_ratio": 1.0,
  "radial_distortion": [
    -0.17441433668136597,
    0.0021486165933310986,
    0.0
  ],
  "tangential_distortion": [
    -0.006712840870022774,
    0.0029693543910980225
  ],
  "image_size": [
    1080,
    1920
  ]
}