{
  "orientation": [
    [
      -0.9771294262472275,
      -0.006344716693207456,
      0.2125507678928659
    ],
    [
      -0.05200782891974079,
      0.9763291067721528,
      -0.2099444235995463
    ],
    [
      -0.20618746347151903,
      -0.21619717814896125,
      -0.9543298748690662
    ]
  ],
  "position": [
    2.012200545965789,
    2.0061997518269292,
    -0.3416320890188217
  ],
  "focal_length": 2056.274169921875,
  "principal_point": [
    318.60382080078125,
    1355.8125
  ],
  "skew": 0.0,
  "pixel_aspect_ratio": 1.0,
  "radial_distortion": [
    -0.17441433668136597,
    0.0021486165933310986,
    0.0
  ],
  "tangential_distortion": [
    -0.006712840870022774,
    0.0029693543910980225
  ],
  "image_size": [
    1080,
    1920
  ]
}