{
  "orientation": [
    [
      -0.9578262113117318,
      -0.0001584024807183943,
      -0.28734808827077246
    ],
    [
      -0.038587666153720876,
      0.9910129782818706,
      0.12807915090952732
    ],
    [
      0.2847453967055877,
      0.1337656599637986,
      -0.9492243187305237
    ]
  ],
  "position": [
    -2.5509157701692335,
    -1.243180667136914,
    -0.3416320890188217
  ],
  "focal_length": 2056.274169921875,
  "principal_point": [
    318.60382080078125,
    1355.8125
  ],
  "skew": 0.0,
  "pixel_aspect_ratio": 1.0,
  "radial_distortion": [
    -0.17441433668136597,
    0.0021486165933310986,
    0.0
  ],
  "tangential_distortion": [
    -0.006712840870022774,
    0.0029693543910980225
  ],
  "image_size": [
    1080,
    1920
  ]
}