{
  "orientation": [
    [
      -0.9948748324211945,
      -0.0025779325347769157,
      -0.10108126472668658
    ],
    [
      -0.03160745335048881,
      0.9575075409227767,
      0.28667102743164374
    ],
    [
      0.0960470546534199,
      0.28839671173552534,
      -0.952681636199911
    ]
  ],
  "position": [
    -0.7898080756718301,
    -2.6739301517741088,
    -0.3416320890188217
  ],
  "focal_length": 2056.274169921875,
  "principal_point": [
    318.60382080078125,
    1355.8125
  ],
  "skew": 0.0,
  "pixel_aspect_ratio": 1.0,
  "radial_distortion": [
    -0.17441433668136597,
    0.0021486165933310986,
    0.0
  ],
  "tangential_distortion": [
    -0.006712840870022774,
    0.0029693543910980225
  ],
  "image_size": [
    1080,
    1920
  ]
}