{
  "orientation": [
    [
      -0.9969576538445485,
      -0.004773102196174942,
      0.07779880420802311
    ],
    [
      0.0177225071870286,
      0.9580993303268557,
      0.2858873658737589
    ],
    [
      -0.0759035518258478,
      0.2863963874120196,
      -0.955099869174719
    ]
  ],
  "position": [
    0.8044383970742691,
    -2.648632710645989,
    -0.3416320890188217
  ],
  "focal_length": 2056.274169921875,
  "principal_point": [
    318.60382080078125,
    1355.8125
  ],
  "skew": 0.0,
  "pixel_aspect_ratio": 1.0,
  "radial_distortion": [
    -0.17441433668136597,
    0.0021486165933310986,
    0.0
  ],
  "tangential_distortion": [
    -0.006712840870022774,
    0.0029693543910980225
  ],
  "image_size": [
    1080,
    1920
  ]
}