{
  "orientation": [
    [
      -0.9517092359738692,
      0.00010534330971578526,
      -0.3070008453812807
    ],
    [
      -0.024492577566150784,
      0.9967863708055659,
      0.0762695523812393
    ],
    [
      0.3060222929889259,
      0.08010567944319315,
      -0.948648215259347
    ]
  ],
  "position": [
    -2.750856614671109,
    -0.7437525820323588,
    -0.3416320890188217
  ],
  "focal_length": 2056.274169921875,
  "principal_point": [
    318.60382080078125,
    1355.8125
  ],
  "skew": 0.0,
  "pixel_aspect_ratio": 1.0,
  "radial_distortion": [
    -0.17441433668136597,
    0.0021486165933310986,
    0.0
  ],
  "tangential_distortion": [
    -0.006712840870022774,
    0.0029693543910980225
  ],
  "image_size": [
    1080,
    1920
  ]
}