{
  "orientation": [
    [
      -0.9929353835242327,
      -0.0023558915108111396,
      -0.11863293775665433
    ],
    [
      0.03246757431222494,
      0.9562518679287669,
      -0.2907373758239972
    ],
    [
      0.11412791404325709,
      -0.29253515149112136,
      -0.9494198251449153
    ]
  ],
  "position": [
    -0.9612724095174383,
    2.7275564855815198,
    -0.3416320890188217
  ],
  "focal_length": 2056.274169921875,
  "principal_point": [
    318.60382080078125,
    1355.8125
  ],
  "skew": 0.0,
  "pixel_aspect_ratio": 1.0,
  "radial_distortion": [
    -0.17441433668136597,
    0.0021486165933310986,
    0.0
  ],
  "tangential_distortion": [
    -0.006712840870022774,
    0.0029693543910980225
  ],
  "image_size": [
    1080,
    1920
  ]
}