{
  "orientation": [
    [
      -0.999243073283319,
      -0.004303335442704937,
      0.038662149440702454
    ],
    [
      0.00731224189440145,
      0.9553682466333692,
      0.2953270127217619
    ],
    [
      -0.038207481123274926,
      0.2953861788045431,
      -0.9546136358535139
    ]
  ],
  "position": [
    0.45561288531012084,
    -2.733256864147182,
    -0.3416320890188217
  ],
  "focal_length": 2056.274169921875,
  "principal_point": [
    318.60382080078125,
    1355.8125
  ],
  "skew": 0.0,
  "pixel_aspect_ratio": 1.0,
  "radial_distortion": [
    -0.17441433668136597,
    0.0021486165933310986,
    0.0
  ],
  "tangential_distortion": [
    -0.006712840870022774,
    0.0029693543910980225
  ],
  "image_size": [
    1080,
    1920
  ]
}