{
  "orientation": [
    [
      -0.9860705238583379,
      -0.005812576695071936,
      0.1662261589819932
    ],
    [
      0.034962464151721905,
      0.9698172455604293,
      0.24131335709823787
    ],
    [
      -0.16261164803968545,
      0.24376366457235996,
      -0.9561049773722923
    ]
  ],
  "position": [
    1.6056348414480779,
    -2.2515489347388775,
    -0.3416320890188217
  ],
  "focal_length": 2056.274169921875,
  "principal_point": [
    318.60382080078125,
    1355.8125
  ],
  "skew": 0.0,
  "pixel_aspect_ratio": 1.0,
  "radial_distortion": [
    -0.17441433668136597,
    0.0021486165933310986,
    0.0
  ],
  "tangential_distortion": [
    -0.006712840870022774,
    0.0029693543910980225
  ],
  "image_size": [
    1080,
    1920
  ]
}