{
  "orientation": [
    [
      -0.9877174688899052,
      -0.001876073131282432,
      -0.15623918202334847
    ],
    [
      -0.04357461072026613,
      0.963564986687764,
      0.2639010604942432
    ],
    [
      0.15005150765752473,
      0.267467749044656,
      -0.9518117189185521
    ]
  ],
  "position": [
    -1.29234555080955,
    -2.4819383822277743,
    -0.3416320890188217
  ],
  "focal_length": 2056.274169921875,
  "principal_point": [
    318.60382080078125,
    1355.8125
  ],
  "skew": 0.0,
  "pixel_aspect_ratio": 1.0,
  "radial_distortion": [
    -0.17441433668136597,
    0.0021486165933310986,
    0.0
  ],
  "tangential_distortion": [
    -0.006712840870022774,
    0.0029693543910980225
  ],
  "image_size": [
    1080,
    1920
  ]
}