{
  "orientation": [
    [
      -0.9491918545790511,
      0.00020910662139504872,
      -0.31469791781199047
    ],
    [
      0.016984315388504298,
      0.9985763652781018,
      -0.05056456999479824
    ],
    [
      0.31423932954289036,
      -0.05334040665757924,
      -0.9478441036299371
    ]
  ],
  "position": [
    -2.829935663378946,
    0.5005703394432817,
    -0.3416320890188217
  ],
  "focal_length": 2056.274169921875,
  "principal_point": [
    318.60382080078125,
    1355.8125
  ],
  "skew": 0.0,
  "pixel_aspect_ratio": 1.0,
  "radial_distortion": [
    -0.17441433668136597,
    0.0021486165933310986,
    0.0
  ],
  "tangential_distortion": [
    -0.006712840870022774,
    0.0029693543910980225
  ],
  "image_size": [
    1080,
    1920
  ]
}