{
  "orientation": [
    [
      -0.9643233116034761,
      -0.006932482285690526,
      0.26463652693357315
    ],
    [
      -0.04284738651374989,
      0.990563477532291,
      -0.1301848625919149
    ],
    [
      -0.26123677414760454,
      -0.13687928137045804,
      -0.955520491755389
    ]
  ],
  "position": [
    2.5192647239878814,
    1.2696692453761347,
    -0.3416320890188217
  ],
  "focal_length": 2056.274169921875,
  "principal_point": [
    318.60382080078125,
    1355.8125
  ],
  "skew": 0.0,
  "pixel_aspect_ratio": 1.0,
  "radial_distortion": [
    -0.17441433668136597,
    0.0021486165933310986,
    0.0
  ],
  "tangential_distortion": [
    -0.006712840870022774,
    0.0029693543910980225
  ],
  "image_size": [
    1080,
    1920
  ]
}