{
  "orientation": [
    [
      -0.9582572068924601,
      -0.007168211874184637,
      0.2858176729616062
    ],
    [
      0.008141039035644306,
      0.9985962006079959,
      0.05233881556450286
    ],
    [
      -0.2857916180052889,
      0.05248090004755758,
      -0.9568536493153575
    ]
  ],
  "position": [
    2.74281852653315,
    -0.48205658109436456,
    -0.3416320890188217
  ],
  "focal_length": 2056.274169921875,
  "principal_point": [
    318.60382080078125,
    1355.8125
  ],
  "skew": 0.0,
  "pixel_aspect_ratio": 1.0,
  "radial_distortion": [
    -0.17441433668136597,
    0.0021486165933310986,
    0.0
  ],
  "tangential_distortion": [
    -0.006712840870022774,
    0.0029693543910980225
  ],
  "image_size": [
    1080,
    1920
  ]
}