{
  "orientation": [
    [
      -0.9580188699376908,
      -0.00717705097318306,
      0.28661530800471613
    ],
    [
      -0.025027554579904295,
      0.9979639172279597,
      -0.05866550453866409
    ],
    [
      -0.28561069019744323,
      -0.06337594062697956,
      -0.9562478882562752
    ]
  ],
  "position": [
    2.74281852653315,
    0.5889985865498598,
    -0.3416320890188217
  ],
  "focal_length": 2056.274169921875,
  "principal_point": [
    318.60382080078125,
    1355.8125
  ],
  "skew": 0.0,
  "pixel_aspect_ratio": 1.0,
  "radial_distortion": [
    -0.17441433668136597,
    0.0021486165933310986,
    0.0
  ],
  "tangential_distortion": [
    -0.006712840870022774,
    0.0029693543910980225
  ],
  "image_size": [
    1080,
    1920
  ]
}