{
  "orientation": [
    [
      -0.9967261703661631,
      -0.004807789264448546,
      0.08070828005595816
    ],
    [
      -0.028496785297979183,
      0.9550614399808817,
      -0.2950348777506237
    ],
    [
      -0.07566290065073634,
      -0.2963689103533521,
      -0.9520717380749643
    ]
  ],
  "position": [
    0.8044383970742691,
    2.7555747161014827,
    -0.3416320890188217
  ],
  "focal_length": 2056.274169921875,
  "principal_point": [
    318.60382080078125,
    1355.8125
  ],
  "skew": 0.0,
  "pixel_aspect_ratio": 1.0,
  "radial_distortion": [
    -0.17441433668136597,
    0.0021486165933310986,
    0.0
  ],
  "tangential_distortion": [
    -0.006712840870022774,
    0.0029693543910980225
  ],
  "image_size": [
    1080,
    1920
  ]
}