{
  "orientation": [
    [
      -0.9555048192864329,
      -5.6242420051789705e-05,
      -0.29497548568854204
    ],
    [
      -0.03436975674596005,
      0.9932098682496848,
      0.11114349928208633
    ],
    [
      0.292966312298231,
      0.1163363848855283,
      -0.9490187487137131
    ]
  ],
  "position": [
    -2.628090684095663,
    -1.0810492041667308,
    -0.3416320890188217
  ],
  "focal_length": 2056.274169921875,
  "principal_point": [
    318.60382080078125,
    1355.8125
  ],
  "skew": 0.0,
  "pixel_aspect_ratio": 1.0,
  "radial_distortion": [
    -0.17441433668136597,
    0.0021486165933310986,
    0.0
  ],
  "tangential_distortion": [
    -0.006712840870022774,
    0.0029693543910980225
  ],
  "image_size": [
    1080,
    1920
  ]
}