{
  "orientation": [
    [
      -0.9929847557853062,
      -0.005250954282252273,
      0.11812578997459289
    ],
    [
      -0.03840226275766762,
      0.9591796118630068,
      -0.28017804767936905
    ],
    [
      -0.111832647259586,
      -0.28274882787636346,
      -0.9526523811661081
    ]
  ],
  "position": [
    1.1397447630835622,
    2.6274727023509,
    -0.3416320890188217
  ],
  "focal_length": 2056.274169921875,
  "principal_point": [
    318.60382080078125,
    1355.8125
  ],
  "skew": 0.0,
  "pixel_aspect_ratio": 1.0,
  "radial_distortion": [
    -0.17441433668136597,
    0.0021486165933310986,
    0.0
  ],
  "tangential_distortion": [
    -0.006712840870022774,
    0.0029693543910980225
  ],
  "image_size": [
    1080,
    1920
  ]
}