{
  "orientation": [
    [
      -0.9788471366349002,
      -0.0012508886025624831,
      -0.20458914531167333
    ],
    [
      0.04933600787627965,
      0.9690284777374717,
      -0.24197059255337183
    ],
    [
      0.19855538629936148,
      -0.24694583335521617,
      -0.9484690369010519
    ]
  ],
  "position": [
    -1.7494668378036207,
    2.305252317019921,
    -0.3416320890188217
  ],
  "focal_length": 2056.274169921875,
  "principal_point": [
    318.60382080078125,
    1355.8125
  ],
  "skew": 0.0,
  "pixel_aspect_ratio": 1.0,
  "radial_distortion": [
    -0.17441433668136597,
    0.0021486165933310986,
    0.0
  ],
  "tangential_distortion": [
    -0.006712840870022774,
    0.0029693543910980225
  ],
  "image_size": [
    1080,
    1920
  ]
}