{
  "orientation": [
    [
      -0.99920261222376,
      -0.0033439818076683005,
      -0.03978639856640083
    ],
    [
      0.009100221820538473,
      0.9511840428033611,
      -0.30849003659611296
    ],
    [
      0.03887577250719932,
      -0.30860611546423394,
      -0.9503951492984614
    ]
  ],
  "position": [
    -0.26001742609055967,
    2.8742885428778444,
    -0.3416320890188217
  ],
  "focal_length": 2056.274169921875,
  "principal_point": [
    318.60382080078125,
    1355.8125
  ],
  "skew": 0.0,
  "pixel_aspect_ratio": 1.0,
  "radial_distortion": [
    -0.17441433668136597,
    0.0021486165933310986,
    0.0
  ],
  "tangential_distortion": [
    -0.006712840870022774,
    0.0029693543910980225
  ],
  "image_size": [
    1080,
    1920
  ]
}