{
  "orientation": [
    [
      -0.9828020480354982,
      -0.006024264729298394,
      0.18456392554261936
    ],
    [
      -0.0504739238843627,
      0.9701715793722564,
      -0.23710649418785895
    ],
    [
      -0.17763028284880306,
      -0.2423444136199821,
      -0.9537906834322935
    ]
  ],
  "position": [
    1.7485235770321856,
    2.2497463409373086,
    -0.3416320890188217
  ],
  "focal_length": 2056.274169921875,
  "principal_point": [
    318.60382080078125,
    1355.8125
  ],
  "skew": 0.0,
  "pixel_aspect_ratio": 1.0,
  "radial_distortion": [
    -0.17441433668136597,
    0.0021486165933310986,
    0.0
  ],
  "tangential_distortion": [
    -0.006712840870022774,
    0.0029693543910980225
  ],
  "image_size": [
    1080,
    1920
  ]
}