{
  "orientation": [
    [
      -0.9484663208842743,
      0.00023854240144786235,
      -0.316877864871896
    ],
    [
      -0.007196604622144949,
      0.9997255739355129,
      0.02229317611337683
    ],
    [
      0.31679622319428213,
      0.023424771436072214,
      -0.9482043203091866
    ]
  ],
  "position": [
    -2.852666881067867,
    -0.21551075942878228,
    -0.3416320890188217
  ],
  "focal_length": 2056.274169921875,
  "principal_point": [
    318.60382080078125,
    1355.8125
  ],
  "skew": 0.0,
  "pixel_aspect_ratio": 1.0,
  "radial_distortion": [
    -0.17441433668136597,
    0.0021486165933310986,
    0.0
  ],
  "tangential_distortion": [
    -0.006712840870022774,
    0.0029693543910980225
  ],
  "image_size": [
    1080,
    1920
  ]
}