{
  "orientation": [
    [
      -0.9911170644690679,
      -0.00542421633342753,
      0.1328816857034318
    ],
    [
      0.02991328414668462,
      0.9644730640285875,
      0.2624821978627649
    ],
    [
      -0.12958456678855382,
      0.2641255130434698,
      -0.9557434558550462
    ]
  ],
  "position": [
    1.3006313637960536,
    -2.440793125226942,
    -0.3416320890188217
  ],
  "focal_length": 2056.274169921875,
  "principal_point": [
    318.60382080078125,
    1355.8125
  ],
  "skew": 0.0,
  "pixel_aspect_ratio": 1.0,
  "radial_distortion": [
    -0.17441433668136597,
    0.0021486165933310986,
    0.0
  ],
  "tangential_distortion": [
    -0.006712840870022774,
    0.0029693543910980225
  ],
  "image_size": [
    1080,
    1920
  ]
}