{
  "orientation": [
    [
      -0.9848608000423377,
      -0.0016560389383898691,
      -0.1733391533237688
    ],
    [
      -0.046342663887463366,
      0.9660735168489852,
      0.25407541704550424
    ],
    [
      0.16703760667520384,
      0.2582619166235468,
      -0.9515246819595129
    ]
  ],
  "position": [
    -1.4506212435662735,
    -2.3971363556789766,
    -0.3416320890188217
  ],
  "focal_length": 2056.274169921875,
  "principal_point": [
    318.60382080078125,
    1355.8125
  ],
  "skew": 0.0,
  "pixel_aspect_ratio": 1.0,
  "radial_distortion": [
    -0.17441433668136597,
    0.0021486165933310986,
    0.0
  ],
  "tangential_distortion": [
    -0.006712840870022774,
    0.0029693543910980225
  ],
  "image_size": [
    1080,
    1920
  ]
}