{
  "orientation": [
    [
      -0.9903678260932888,
      -0.0021037990909163933,
      -0.1384454515996768
    ],
    [
      -0.04015589686632713,
      0.9612756933159077,
      0.2726472911783315
    ],
    [
      0.13251065234959147,
      0.2755805063305567,
      -0.9521009986049167
    ]
  ],
  "position": [
    -1.1290100413104376,
    -2.5565312100402995,
    -0.3416320890188217
  ],
  "focal_length": 2056.274169921875,
  "principal_point": [
    318.60382080078125,
    1355.8125
  ],
  "skew": 0.0,
  "pixel_aspect_ratio": 1.0,
  "radial_distortion": [
    -0.17441433668136597,
    0.0021486165933310986,
    0.0
  ],
  "tangential_distortion": [
    -0.006712840870022774,
    0.0029693543910980225
  ],
  "image_size": [
    1080,
    1920
  ]
}