{
  "orientation": [
    [
      -0.9502767852637913,
      0.0001647029427910685,
      -0.3114064936086831
    ],
    [
      0.02265093467412767,
      0.9973875378507258,
      -0.06859325403022819
    ],
    [
      0.3105816584202978,
      -0.07223622507445729,
      -0.9477979538065535
    ]
  ],
  "position": [
    -2.795953296247168,
    0.6768876027742591,
    -0.3416320890188217
  ],
  "focal_length": 2056.274169921875,
  "principal_point": [
    318.60382080078125,
    1355.8125
  ],
  "skew": 0.0,
  "pixel_aspect_ratio": 1.0,
  "radial_distortion": [
    -0.17441433668136597,
    0.0021486165933310986,
    0.0
  ],
  "tangential_distortion": [
    -0.006712840870022774,
    0.0029693543910980225
  ],
  "image_size": [
    1080,
    1920
  ]
}