{
  "orientation": [
    [
      -0.9689921335867538,
      -0.00673473386143313,
      0.24699977410274318
    ],
    [
      -0.04859343829576355,
      0.9853011600530347,
      -0.16376905004529893
    ],
    [
      -0.24226622298947562,
      -0.17069348950079927,
      -0.9550763371796278
    ]
  ],
  "position": [
    2.344747532778814,
    1.5833318586819125,
    -0.3416320890188217
  ],
  "focal_length": 2056.274169921875,
  "principal_point": [
    318.60382080078125,
    1355.8125
  ],
  "skew": 0.0,
  "pixel_aspect_ratio": 1.0,
  "radial_distortion": [
    -0.17441433668136597,
    0.0021486165933310986,
    0.0
  ],
  "tangential_distortion": [
    -0.006712840870022774,
    0.0029693543910980225
  ],
  "image_size": [
    1080,
    1920
  ]
}