{
  "orientation": [
    [
      -0.9905379780004424,
      -0.0021194041804313453,
      -0.13722252826964995
    ],
    [
      0.03717756137513431,
      0.9583497143725612,
      -0.2831671836428583
    ],
    [
      0.1321073164854734,
      -0.28558944848847284,
      -0.9492029940129018
    ]
  ],
  "position": [
    -1.1290100413104376,
    2.6634732154957934,
    -0.3416320890188217
  ],
  "focal_length": 2056.274169921875,
  "principal_point": [
    318.60382080078125,
    1355.8125
  ],
  "skew": 0.0,
  "pixel_aspect_ratio": 1.0,
  "radial_distortion": [
    -0.17441433668136597,
    0.0021486165933310986,
    0.0
  ],
  "tangential_distortion": [
    -0.006712840870022774,
    0.0029693543910980225
  ],
  "image_size": [
    1080,
    1920
  ]
}