{
  "orientation": [
    [
      -0.9966545904536689,
      -0.00282197343322189,
      -0.08168025338826955
    ],
    [
      -0.026625364997507076,
      0.956094045039735,
      0.291848020343306
    ],
    [
      0.07727041650191394,
      0.29304643574952316,
      -0.9529706549669414
    ]
  ],
  "position": [
    -0.6153074661287439,
    -2.7162635415922542,
    -0.3416320890188217
  ],
  "focal_length": 2056.274169921875,
  "principal_point": [
    318.60382080078125,
    1355.8125
  ],
  "skew": 0.0,
  "pixel_aspect_ratio": 1.0,
  "radial_distortion": [
    -0.17441433668136597,
    0.0021486165933310986,
    0.0
  ],
  "tangential_distortion": [
    -0.006712840870022774,
    0.0029693543910980225
  ],
  "image_size": [
    1080,
    1920
  ]
}