{
  "orientation": [
    [
      0.9994510412216187,
      0.0021004651207476854,
      -0.03306432440876961
    ],
    [
      -0.0017021201783791184,
      0.9999256730079651,
      0.012071117758750916
    ],
    [
      0.033087220042943954,
      -0.012008211575448513,
      0.999380350112915
    ]
  ],
  "position": [
    3.1045737266540527,
    0.8915678858757019,
    0.44121938943862915
  ],
  "focal_length": 1534.3013916015625,
  "principal_point": [
    616.038330078125,
    627.6383666992188
  ],
  "skew": 0.0,
  "pixel_aspect_ratio": 1.0,
  "radial_distortion": [
    -0.2688286304473877,
    1.1057461500167847,
    0.0
  ],
  "tangential_distortion": [
    0.014156661927700043,
    -0.007130958139896393
  ],
  "image_size": [
    720,
    1280
  ]
}