{
  "orientation": [
    [
      0.9994773268699646,
      -0.008475695736706257,
      -0.031197672709822655
    ],
    [
      0.00743302796036005,
      0.99941486120224,
      -0.033386893570423126
    ],
    [
      0.031462397426366806,
      0.033137548714876175,
      0.998955488204956
    ]
  ],
  "position": [
    1.1229946613311768,
    -1.8015375137329102,
    -0.47688987851142883
  ],
  "focal_length": 1534.3013916015625,
  "principal_point": [
    616.038330078125,
    627.6383666992188
  ],
  "skew": 0.0,
  "pixel_aspect_ratio": 1.0,
  "radial_distortion": [
    -0.2688286304473877,
    1.1057461500167847,
    0.0
  ],
  "tangential_distortion": [
    0.014156661927700043,
    -0.007130958139896393
  ],
  "image_size": [
    720,
    1280
  ]
}