{
  "orientation": [
    [
      0.9981293678283691,
      0.0005159936845302582,
      -0.06113521009683609
    ],
    [
      0.0010200812248513103,
      0.9996846318244934,
      0.02509198896586895
    ],
    [
      0.061128877103328705,
      -0.02510741353034973,
      0.9978140592575073
    ]
  ],
  "position": [
    -5.131343364715576,
    0.22667132318019867,
    1.95531165599823
  ],
  "focal_length": 1534.3013916015625,
  "principal_point": [
    616.038330078125,
    627.6383666992188
  ],
  "skew": 0.0,
  "pixel_aspect_ratio": 1.0,
  "radial_distortion": [
    -0.2688286304473877,
    1.1057461500167847,
    0.0
  ],
  "tangential_distortion": [
    0.014156661927700043,
    -0.007130958139896393
  ],
  "image_size": [
    720,
    1280
  ]
}