{
  "orientation": [
    [
      0.9990488290786743,
      0.0035964269191026688,
      -0.04345700889825821
    ],
    [
      -0.004590294789522886,
      0.9997296929359436,
      -0.022792043164372444
    ],
    [
      0.0433632917702198,
      0.022969843819737434,
      0.9987952709197998
    ]
  ],
  "position": [
    -1.1379637718200684,
    -0.839494526386261,
    -1.4227476119995117
  ],
  "focal_length": 1534.3013916015625,
  "principal_point": [
    616.038330078125,
    627.6383666992188
  ],
  "skew": 0.0,
  "pixel_aspect_ratio": 1.0,
  "radial_distortion": [
    -0.2688286304473877,
    1.1057461500167847,
    0.0
  ],
  "tangential_distortion": [
    0.014156661927700043,
    -0.007130958139896393
  ],
  "image_size": [
    720,
    1280
  ]
}