{
  "orientation": [
    [
      0.9993833899497986,
      -0.005038032773882151,
      -0.03474854677915573
    ],
    [
      0.003972398117184639,
      0.9995217323303223,
      -0.03066817857325077
    ],
    [
      0.034886434674263,
      0.03051123395562172,
      0.9989254474639893
    ]
  ],
  "position": [
    0.5445249676704407,
    -1.6423234939575195,
    -1.267073154449463
  ],
  "focal_length": 1534.3013916015625,
  "principal_point": [
    616.038330078125,
    627.6383666992188
  ],
  "skew": 0.0,
  "pixel_aspect_ratio": 1.0,
  "radial_distortion": [
    -0.2688286304473877,
    1.1057461500167847,
    0.0
  ],
  "tangential_distortion": [
    0.014156661927700043,
    -0.007130958139896393
  ],
  "image_size": [
    720,
    1280
  ]
}