{
  "orientation": [
    [
      0.9997440576553345,
      0.0017940474208444357,
      -0.02255287393927574
    ],
    [
      -0.0016141390660777688,
      0.9999667406082153,
      0.007992854341864586
    ],
    [
      0.02256646379828453,
      -0.00795440562069416,
      0.9997137188911438
    ]
  ],
  "position": [
    4.892382621765137,
    0.8960244655609131,
    0.9871510863304138
  ],
  "focal_length": 1534.3013916015625,
  "principal_point": [
    616.038330078125,
    627.6383666992188
  ],
  "skew": 0.0,
  "pixel_aspect_ratio": 1.0,
  "radial_distortion": [
    -0.2688286304473877,
    1.1057461500167847,
    0.0
  ],
  "tangential_distortion": [
    0.014156661927700043,
    -0.007130958139896393
  ],
  "image_size": [
    720,
    1280
  ]
}