{
  "orientation": [
    [
      0.9989089369773865,
      0.004246995784342289,
      -0.04650755971670151
    ],
    [
      -0.003424666589125991,
      0.9998366236686707,
      0.0177470576018095
    ],
    [
      0.046575333923101425,
      -0.017568420618772507,
      0.9987602829933167
    ]
  ],
  "position": [
    -0.0603315532207489,
    0.46154460310935974,
    0.7385880947113037
  ],
  "focal_length": 1534.3013916015625,
  "principal_point": [
    616.038330078125,
    627.6383666992188
  ],
  "skew": 0.0,
  "pixel_aspect_ratio": 1.0,
  "radial_distortion": [
    -0.2688286304473877,
    1.1057461500167847,
    0.0
  ],
  "tangential_distortion": [
    0.014156661927700043,
    -0.007130958139896393
  ],
  "image_size": [
    720,
    1280
  ]
}