{
  "orientation": [
    [
      0.997711718082428,
      0.023835038766264915,
      -0.06327078491449356
    ],
    [
      -0.024461884051561356,
      0.9996588826179504,
      -0.009151171892881393
    ],
    [
      0.06303108483552933,
      0.01067795418202877,
      0.9979544281959534
    ]
  ],
  "position": [
    -3.5185368061065674,
    0.13509461283683777,
    -3.6270251274108887
  ],
  "focal_length": 1534.3013916015625,
  "principal_point": [
    616.038330078125,
    627.6383666992188
  ],
  "skew": 0.0,
  "pixel_aspect_ratio": 1.0,
  "radial_distortion": [
    -0.2688286304473877,
    1.1057461500167847,
    0.0
  ],
  "tangential_distortion": [
    0.014156661927700043,
    -0.007130958139896393
  ],
  "image_size": [
    720,
    1280
  ]
}