{
  "orientation": [
    [
      0.9986385703086853,
      0.0038330298848450184,
      -0.0520220547914505
    ],
    [
      -0.0028147012926638126,
      0.9998032450675964,
      0.019634105265140533
    ],
    [
      0.05208707973361015,
      -0.019460948184132576,
      0.99845290184021
    ]
  ],
  "position": [
    -1.8688628673553467,
    0.1813613623380661,
    1.867812991142273
  ],
  "focal_length": 1534.3013916015625,
  "principal_point": [
    616.038330078125,
    627.6383666992188
  ],
  "skew": 0.0,
  "pixel_aspect_ratio": 1.0,
  "radial_distortion": [
    -0.2688286304473877,
    1.1057461500167847,
    0.0
  ],
  "tangential_distortion": [
    0.014156661927700043,
    -0.007130958139896393
  ],
  "image_size": [
    720,
    1280
  ]
}