{
  "orientation": [
    [
      0.9981877207756042,
      0.018435794860124588,
      -0.05728298798203468
    ],
    [
      -0.019162271171808243,
      0.9997424483299255,
      -0.012158893048763275
    ],
    [
      0.057044077664613724,
      0.013234530575573444,
      0.9982839226722717
    ]
  ],
  "position": [
    -3.0787808895111084,
    -0.24001188576221466,
    -2.8233726024627686
  ],
  "focal_length": 1534.3013916015625,
  "principal_point": [
    616.038330078125,
    627.6383666992188
  ],
  "skew": 0.0,
  "pixel_aspect_ratio": 1.0,
  "radial_distortion": [
    -0.2688286304473877,
    1.1057461500167847,
    0.0
  ],
  "tangential_distortion": [
    0.014156661927700043,
    -0.007130958139896393
  ],
  "image_size": [
    720,
    1280
  ]
}