{
  "orientation": [
    [
      0.9916029572486877,
      -0.015704099088907242,
      0.1283627599477768
    ],
    [
      0.021089408546686172,
      0.9989486932754517,
      -0.04070284962654114
    ],
    [
      -0.12758861482143402,
      0.043068159371614456,
      0.9908916354179382
    ]
  ],
  "position": [
    -0.1714409440755844,
    0.42149683833122253,
    -3.4660327434539795
  ],
  "focal_length": 2056.274169921875,
  "principal_point": [
    318.60382080078125,
    1355.8125
  ],
  "skew": 0.0,
  "pixel_aspect_ratio": 1.0,
  "radial_distortion": [
    -0.17441433668136597,
    0.0021486165933310986,
    0.0
  ],
  "tangential_distortion": [
    -0.006712840870022774,
    0.0029693543910980225
  ],
  "image_size": [
    1080,
    1920
  ]
}