{
  "orientation": [
    [
      0.9999922513961792,
      0.0006656140321865678,
      -0.0038830749690532684
    ],
    [
      -0.0006275511696003377,
      0.9999518394470215,
      0.009795255027711391
    ],
    [
      0.00388940772973001,
      -0.009792741388082504,
      0.9999445080757141
    ]
  ],
  "position": [
    0.09981051832437515,
    -0.38572901487350464,
    2.7008306980133057
  ],
  "focal_length": 2056.274169921875,
  "principal_point": [
    318.60382080078125,
    1355.8125
  ],
  "skew": 0.0,
  "pixel_aspect_ratio": 1.0,
  "radial_distortion": [
    -0.17441433668136597,
    0.0021486165933310986,
    0.0
  ],
  "tangential_distortion": [
    -0.006712840870022774,
    0.0029693543910980225
  ],
  "image_size": [
    1080,
    1920
  ]
}