{
  "orientation": [
    [
      0.9999592304229736,
      -0.00900076050311327,
      -0.0007635279907844961
    ],
    [
      0.009031764231622219,
      0.997681200504303,
      0.06745888292789459
    ],
    [
      0.00015457622066605836,
      -0.06746302545070648,
      0.997721791267395
    ]
  ],
  "position": [
    0.02933611162006855,
    0.33130404353141785,
    1.557564377784729
  ],
  "focal_length": 2056.274169921875,
  "principal_point": [
    318.60382080078125,
    1355.8125
  ],
  "skew": 0.0,
  "pixel_aspect_ratio": 1.0,
  "radial_distortion": [
    -0.17441433668136597,
    0.0021486165933310986,
    0.0
  ],
  "tangential_distortion": [
    -0.006712840870022774,
    0.0029693543910980225
  ],
  "image_size": [
    1080,
    1920
  ]
}