{
  "orientation": [
    [
      0.9969786405563354,
      -0.019689641892910004,
      0.0751396045088768
    ],
    [
      0.022329190745949745,
      0.9991568922996521,
      -0.034451667219400406
    ],
    [
      -0.07439791411161423,
      0.036025382578372955,
      0.9965776801109314
    ]
  ],
  "position": [
    -0.13380740582942963,
    0.3428613841533661,
    -2.2828710079193115
  ],
  "focal_length": 2056.274169921875,
  "principal_point": [
    318.60382080078125,
    1355.8125
  ],
  "skew": 0.0,
  "pixel_aspect_ratio": 1.0,
  "radial_distortion": [
    -0.17441433668136597,
    0.0021486165933310986,
    0.0
  ],
  "tangential_distortion": [
    -0.006712840870022774,
    0.0029693543910980225
  ],
  "image_size": [
    1080,
    1920
  ]
}