{
  "orientation": [
    [
      0.9999907612800598,
      -0.0015160915208980441,
      -0.004023053217679262
    ],
    [
      0.0015401213895529509,
      0.9999809265136719,
      0.005976674612611532
    ],
    [
      0.004013915546238422,
      -0.005982815288007259,
      0.9999740719795227
    ]
  ],
  "position": [
    0.10300487279891968,
    -0.38559821248054504,
    2.7005209922790527
  ],
  "focal_length": 2056.274169921875,
  "principal_point": [
    318.60382080078125,
    1355.8125
  ],
  "skew": 0.0,
  "pixel_aspect_ratio": 1.0,
  "radial_distortion": [
    -0.17441433668136597,
    0.0021486165933310986,
    0.0
  ],
  "tangential_distortion": [
    -0.006712840870022774,
    0.0029693543910980225
  ],
  "image_size": [
    1080,
    1920
  ]
}