{
  "orientation": [
    [
      0.999853253364563,
      -0.00953731220215559,
      0.01422859262675047
    ],
    [
      0.009474081918597221,
      0.9999449849128723,
      0.004504703450948
    ],
    [
      -0.014270772226154804,
      -0.004369239788502455,
      0.9998885989189148
    ]
  ],
  "position": [
    0.09804815798997879,
    -0.022778965532779694,
    1.0722887516021729
  ],
  "focal_length": 2056.274169921875,
  "principal_point": [
    318.60382080078125,
    1355.8125
  ],
  "skew": 0.0,
  "pixel_aspect_ratio": 1.0,
  "radial_distortion": [
    -0.17441433668136597,
    0.0021486165933310986,
    0.0
  ],
  "tangential_distortion": [
    -0.006712840870022774,
    0.0029693543910980225
  ],
  "image_size": [
    1080,
    1920
  ]
}