{
  "orientation": [
    [
      0.9999971985816956,
      -0.0019121334189549088,
      0.0013923022197559476
    ],
    [
      0.0018840751145035028,
      0.9998005628585815,
      0.019882291555404663
    ],
    [
      -0.0014300420880317688,
      -0.01987961307168007,
      0.9998013377189636
    ]
  ],
  "position": [
    0.17680369317531586,
    -0.21937116980552673,
    2.4337551593780518
  ],
  "focal_length": 2056.274169921875,
  "principal_point": [
    318.60382080078125,
    1355.8125
  ],
  "skew": 0.0,
  "pixel_aspect_ratio": 1.0,
  "radial_distortion": [
    -0.17441433668136597,
    0.0021486165933310986,
    0.0
  ],
  "tangential_distortion": [
    -0.006712840870022774,
    0.0029693543910980225
  ],
  "image_size": [
    1080,
    1920
  ]
}