{
  "orientation": [
    [
      0.9999842643737793,
      -0.0019300900166854262,
      -0.005266659893095493
    ],
    [
      0.0019566253758966923,
      0.99998539686203,
      0.005037866998463869
    ],
    [
      0.005256859119981527,
      -0.00504809245467186,
      0.9999734163284302
    ]
  ],
  "position": [
    0.09953457862138748,
    -0.38532382249832153,
    2.6998794078826904
  ],
  "focal_length": 2056.274169921875,
  "principal_point": [
    318.60382080078125,
    1355.8125
  ],
  "skew": 0.0,
  "pixel_aspect_ratio": 1.0,
  "radial_distortion": [
    -0.17441433668136597,
    0.0021486165933310986,
    0.0
  ],
  "tangential_distortion": [
    -0.006712840870022774,
    0.0029693543910980225
  ],
  "image_size": [
    1080,
    1920
  ]
}