{
  "orientation": [
    [
      0.969000518321991,
      0.019014133140444756,
      0.24632595479488373
    ],
    [
      -0.011111138388514519,
      0.9993791580200195,
      -0.03343386948108673
    ],
    [
      -0.2468087524175644,
      0.029660476371645927,
      0.9686101675033569
    ]
  ],
  "position": [
    -0.5969194769859314,
    1.0709835290908813,
    -7.178831100463867
  ],
  "focal_length": 2056.274169921875,
  "principal_point": [
    318.60382080078125,
    1355.8125
  ],
  "skew": 0.0,
  "pixel_aspect_ratio": 1.0,
  "radial_distortion": [
    -0.17441433668136597,
    0.0021486165933310986,
    0.0
  ],
  "tangential_distortion": [
    -0.006712840870022774,
    0.0029693543910980225
  ],
  "image_size": [
    1080,
    1920
  ]
}