{
  "orientation": [
    [
      0.9955023527145386,
      -0.020768091082572937,
      0.09243259578943253
    ],
    [
      0.02406436763703823,
      0.9991083145141602,
      -0.034690819680690765
    ],
    [
      -0.09162971377372742,
      0.03675912320613861,
      0.9951144456863403
    ]
  ],
  "position": [
    -0.04594453424215317,
    0.3364221751689911,
    -2.3137218952178955
  ],
  "focal_length": 2056.274169921875,
  "principal_point": [
    318.60382080078125,
    1355.8125
  ],
  "skew": 0.0,
  "pixel_aspect_ratio": 1.0,
  "radial_distortion": [
    -0.17441433668136597,
    0.0021486165933310986,
    0.0
  ],
  "tangential_distortion": [
    -0.006712840870022774,
    0.0029693543910980225
  ],
  "image_size": [
    1080,
    1920
  ]
}