{
  "orientation": [
    [
      0.9999917149543762,
      0.000403460900997743,
      -0.004057283978909254
    ],
    [
      -0.0003637971531134099,
      0.9999521970748901,
      0.009771928191184998
    ],
    [
      0.004061032552272081,
      -0.00977037101984024,
      0.9999440312385559
    ]
  ],
  "position": [
    0.09981054812669754,
    -0.3857323229312897,
    2.700835704803467
  ],
  "focal_length": 2056.274169921875,
  "principal_point": [
    318.60382080078125,
    1355.8125
  ],
  "skew": 0.0,
  "pixel_aspect_ratio": 1.0,
  "radial_distortion": [
    -0.17441433668136597,
    0.0021486165933310986,
    0.0
  ],
  "tangential_distortion": [
    -0.006712840870022774,
    0.0029693543910980225
  ],
  "image_size": [
    1080,
    1920
  ]
}