{
  "orientation": [
    [
      0.999991238117218,
      -0.00011308193643344566,
      -0.004177525639533997
    ],
    [
      0.0001491541333962232,
      0.9999626874923706,
      0.008635522797703743
    ],
    [
      0.0041763936169445515,
      -0.008636070415377617,
      0.9999539852142334
    ]
  ],
  "position": [
    0.09999871253967285,
    -0.38669878244400024,
    2.702244281768799
  ],
  "focal_length": 2056.274169921875,
  "principal_point": [
    318.60382080078125,
    1355.8125
  ],
  "skew": 0.0,
  "pixel_aspect_ratio": 1.0,
  "radial_distortion": [
    -0.17441433668136597,
    0.0021486165933310986,
    0.0
  ],
  "tangential_distortion": [
    -0.006712840870022774,
    0.0029693543910980225
  ],
  "image_size": [
    1080,
    1920
  ]
}