{
  "orientation": [
    [
      0.9998342990875244,
      0.005889905616641045,
      -0.017223801463842392
    ],
    [
      -0.005824485328048468,
      0.9999756217002869,
      0.0038459468632936478
    ],
    [
      0.017246033996343613,
      -0.0037449898663908243,
      0.9998442530632019
    ]
  ],
  "position": [
    0.10102418065071106,
    -0.38883519172668457,
    2.7053587436676025
  ],
  "focal_length": 2056.274169921875,
  "principal_point": [
    318.60382080078125,
    1355.8125
  ],
  "skew": 0.0,
  "pixel_aspect_ratio": 1.0,
  "radial_distortion": [
    -0.17441433668136597,
    0.0021486165933310986,
    0.0
  ],
  "tangential_distortion": [
    -0.006712840870022774,
    0.0029693543910980225
  ],
  "image_size": [
    1080,
    1920
  ]
}