{
  "orientation": [
    [
      0.9670889973640442,
      0.020842459052801132,
      0.25358328223228455
    ],
    [
      -0.012686322443187237,
      0.9993495941162109,
      -0.0337565615773201
    ],
    [
      -0.25412189960479736,
      0.02942856028676033,
      0.9667243957519531
    ]
  ],
  "position": [
    -0.5991250276565552,
    1.0713222026824951,
    -7.181375503540039
  ],
  "focal_length": 2056.274169921875,
  "principal_point": [
    318.60382080078125,
    1355.8125
  ],
  "skew": 0.0,
  "pixel_aspect_ratio": 1.0,
  "radial_distortion": [
    -0.17441433668136597,
    0.0021486165933310986,
    0.0
  ],
  "tangential_distortion": [
    -0.006712840870022774,
    0.0029693543910980225
  ],
  "image_size": [
    1080,
    1920
  ]
}