{
  "orientation": [
    [
      0.9998925924301147,
      -0.001890316721983254,
      -0.014535097405314445
    ],
    [
      0.001842656172811985,
      0.9999929070472717,
      -0.0032916886266320944
    ],
    [
      0.01454121619462967,
      0.0032645517494529486,
      0.9998889565467834
    ]
  ],
  "position": [
    0.10001140832901001,
    -0.3866993486881256,
    2.7022228240966797
  ],
  "focal_length": 2056.274169921875,
  "principal_point": [
    318.60382080078125,
    1355.8125
  ],
  "skew": 0.0,
  "pixel_aspect_ratio": 1.0,
  "radial_distortion": [
    -0.17441433668136597,
    0.0021486165933310986,
    0.0
  ],
  "tangential_distortion": [
    -0.006712840870022774,
    0.0029693543910980225
  ],
  "image_size": [
    1080,
    1920
  ]
}