{
  "orientation": [
    [
      0.999986469745636,
      0.00021882822329644114,
      -0.005200603045523167
    ],
    [
      -6.908259092597291e-05,
      0.9995858669281006,
      0.02877664938569069
    ],
    [
      0.005204746499657631,
      -0.028775900602340698,
      0.9995723366737366
    ]
  ],
  "position": [
    0.11212188750505447,
    -0.12642768025398254,
    2.2928566932678223
  ],
  "focal_length": 2056.274169921875,
  "principal_point": [
    318.60382080078125,
    1355.8125
  ],
  "skew": 0.0,
  "pixel_aspect_ratio": 1.0,
  "radial_distortion": [
    -0.17441433668136597,
    0.0021486165933310986,
    0.0
  ],
  "tangential_distortion": [
    -0.006712840870022774,
    0.0029693543910980225
  ],
  "image_size": [
    1080,
    1920
  ]
}