{
  "orientation": [
    [
      0.9998676180839539,
      -0.015424361452460289,
      0.0051789372228085995
    ],
    [
      0.015586290508508682,
      0.99933922290802,
      -0.03283648192882538
    ],
    [
      -0.004669032990932465,
      0.032912854105234146,
      0.9994473457336426
    ]
  ],
  "position": [
    -0.14033696055412292,
    0.1157134398818016,
    -0.9236623644828796
  ],
  "focal_length": 2056.274169921875,
  "principal_point": [
    318.60382080078125,
    1355.8125
  ],
  "skew": 0.0,
  "pixel_aspect_ratio": 1.0,
  "radial_distortion": [
    -0.17441433668136597,
    0.0021486165933310986,
    0.0
  ],
  "tangential_distortion": [
    -0.006712840870022774,
    0.0029693543910980225
  ],
  "image_size": [
    1080,
    1920
  ]
}