{
  "orientation": [
    [
      0.9998528957366943,
      0.004797863308340311,
      -0.01646842435002327
    ],
    [
      -0.004864639136940241,
      0.999980092048645,
      -0.004017111379653215
    ],
    [
      0.016448823735117912,
      0.004096633289009333,
      0.9998562932014465
    ]
  ],
  "position": [
    0.08290272206068039,
    -0.43837758898735046,
    2.690189838409424
  ],
  "focal_length": 2056.274169921875,
  "principal_point": [
    318.60382080078125,
    1355.8125
  ],
  "skew": 0.0,
  "pixel_aspect_ratio": 1.0,
  "radial_distortion": [
    -0.17441433668136597,
    0.0021486165933310986,
    0.0
  ],
  "tangential_distortion": [
    -0.006712840870022774,
    0.0029693543910980225
  ],
  "image_size": [
    1080,
    1920
  ]
}