{
  "orientation": [
    [
      0.9996487498283386,
      0.005628169979900122,
      -0.025898708030581474
    ],
    [
      -0.004762835800647736,
      0.9994322657585144,
      0.03335348889231682
    ],
    [
      0.02607172355055809,
      -0.033218421041965485,
      0.9991080164909363
    ]
  ],
  "position": [
    -0.037023723125457764,
    -0.10369349271059036,
    2.2852518558502197
  ],
  "focal_length": 2056.274169921875,
  "principal_point": [
    318.60382080078125,
    1355.8125
  ],
  "skew": 0.0,
  "pixel_aspect_ratio": 1.0,
  "radial_distortion": [
    -0.17441433668136597,
    0.0021486165933310986,
    0.0
  ],
  "tangential_distortion": [
    -0.006712840870022774,
    0.0029693543910980225
  ],
  "image_size": [
    1080,
    1920
  ]
}