{
  "orientation": [
    [
      0.9999772906303406,
      -0.0025875528808683157,
      -0.006223530508577824
    ],
    [
      0.002612469717860222,
      0.9999886155128479,
      0.003998846746981144
    ],
    [
      0.006213112268596888,
      -0.004015014972537756,
      0.9999726414680481
    ]
  ],
  "position": [
    0.09849067032337189,
    -0.38741132616996765,
    2.6985442638397217
  ],
  "focal_length": 2056.274169921875,
  "principal_point": [
    318.60382080078125,
    1355.8125
  ],
  "skew": 0.0,
  "pixel_aspect_ratio": 1.0,
  "radial_distortion": [
    -0.17441433668136597,
    0.0021486165933310986,
    0.0
  ],
  "tangential_distortion": [
    -0.006712840870022774,
    0.0029693543910980225
  ],
  "image_size": [
    1080,
    1920
  ]
}