{
  "orientation": [
    [
      0.9999372959136963,
      0.0015089716762304306,
      -0.011097422800958157
    ],
    [
      -0.0015022167935967445,
      0.9999986886978149,
      0.0006169964908622205
    ],
    [
      0.011098339222371578,
      -0.0006002870504744351,
      0.9999382495880127
    ]
  ],
  "position": [
    0.0999932587146759,
    -0.38614508509635925,
    2.701354503631592
  ],
  "focal_length": 2056.274169921875,
  "principal_point": [
    318.60382080078125,
    1355.8125
  ],
  "skew": 0.0,
  "pixel_aspect_ratio": 1.0,
  "radial_distortion": [
    -0.17441433668136597,
    0.0021486165933310986,
    0.0
  ],
  "tangential_distortion": [
    -0.006712840870022774,
    0.0029693543910980225
  ],
  "image_size": [
    1080,
    1920
  ]
}