{
  "orientation": [
    [
      0.999998927116394,
      -0.0014631523517891765,
      0.00012031641381327063
    ],
    [
      0.0014624401228502393,
      0.9999825954437256,
      0.005720691755414009
    ],
    [
      -0.00012868456542491913,
      -0.005720509681850672,
      0.9999836087226868
    ]
  ],
  "position": [
    0.09075968712568283,
    -0.2023235410451889,
    1.92661452293396
  ],
  "focal_length": 2056.274169921875,
  "principal_point": [
    318.60382080078125,
    1355.8125
  ],
  "skew": 0.0,
  "pixel_aspect_ratio": 1.0,
  "radial_distortion": [
    -0.17441433668136597,
    0.0021486165933310986,
    0.0
  ],
  "tangential_distortion": [
    -0.006712840870022774,
    0.0029693543910980225
  ],
  "image_size": [
    1080,
    1920
  ]
}