{
  "orientation": [
    [
      0.9999227523803711,
      0.0009926019702106714,
      -0.012387923896312714
    ],
    [
      -0.000986620900221169,
      0.9999994039535522,
      0.0004889095434919
    ],
    [
      0.012388401664793491,
      -0.0004766496131196618,
      0.9999231696128845
    ]
  ],
  "position": [
    0.10033117234706879,
    -0.385217547416687,
    2.699995517730713
  ],
  "focal_length": 2056.274169921875,
  "principal_point": [
    318.60382080078125,
    1355.8125
  ],
  "skew": 0.0,
  "pixel_aspect_ratio": 1.0,
  "radial_distortion": [
    -0.17441433668136597,
    0.0021486165933310986,
    0.0
  ],
  "tangential_distortion": [
    -0.006712840870022774,
    0.0029693543910980225
  ],
  "image_size": [
    1080,
    1920
  ]
}