{
  "orientation": [
    [
      0.9772120714187622,
      0.013518000952899456,
      0.21183447539806366
    ],
    [
      -0.006997972261160612,
      0.9994792938232422,
      -0.03149845823645592
    ],
    [
      -0.2121499627828598,
      0.029298260807991028,
      0.9767978191375732
    ]
  ],
  "position": [
    -0.5839582681655884,
    1.0805871486663818,
    -7.204998016357422
  ],
  "focal_length": 2056.274169921875,
  "principal_point": [
    318.60382080078125,
    1355.8125
  ],
  "skew": 0.0,
  "pixel_aspect_ratio": 1.0,
  "radial_distortion": [
    -0.17441433668136597,
    0.0021486165933310986,
    0.0
  ],
  "tangential_distortion": [
    -0.006712840870022774,
    0.0029693543910980225
  ],
  "image_size": [
    1080,
    1920
  ]
}