{
  "orientation": [
    [
      0.997412919998169,
      -0.02228037267923355,
      0.0683453381061554
    ],
    [
      0.02493445575237274,
      0.9989578723907471,
      -0.03822929784655571
    ],
    [
      -0.06742234528064728,
      0.03983454778790474,
      0.9969289898872375
    ]
  ],
  "position": [
    -0.038669269531965256,
    0.30231335759162903,
    -2.1887431144714355
  ],
  "focal_length": 2056.274169921875,
  "principal_point": [
    318.60382080078125,
    1355.8125
  ],
  "skew": 0.0,
  "pixel_aspect_ratio": 1.0,
  "radial_distortion": [
    -0.17441433668136597,
    0.0021486165933310986,
    0.0
  ],
  "tangential_distortion": [
    -0.006712840870022774,
    0.0029693543910980225
  ],
  "image_size": [
    1080,
    1920
  ]
}