{
  "orientation": [
    [
      0.9999921321868896,
      -8.89640868990682e-05,
      -0.003958793822675943
    ],
    [
      0.00011691200779750943,
      0.9999750852584839,
      0.007060036063194275
    ],
    [
      0.003958066925406456,
      -0.007060443516820669,
      0.9999672174453735
    ]
  ],
  "position": [
    0.0998167172074318,
    -0.38611140847206116,
    2.702629566192627
  ],
  "focal_length": 2056.274169921875,
  "principal_point": [
    318.60382080078125,
    1355.8125
  ],
  "skew": 0.0,
  "pixel_aspect_ratio": 1.0,
  "radial_distortion": [
    -0.17441433668136597,
    0.0021486165933310986,
    0.0
  ],
  "tangential_distortion": [
    -0.006712840870022774,
    0.0029693543910980225
  ],
  "image_size": [
    1080,
    1920
  ]
}