{
  "orientation": [
    [
      0.9999739527702332,
      -0.002297432394698262,
      -0.006845394615083933
    ],
    [
      0.002321086823940277,
      0.9999913573265076,
      0.0034495932050049305
    ],
    [
      0.006837410386651754,
      -0.003465391928330064,
      0.9999706149101257
    ]
  ],
  "position": [
    0.09924372285604477,
    -0.3843518793582916,
    2.6988625526428223
  ],
  "focal_length": 2056.274169921875,
  "principal_point": [
    318.60382080078125,
    1355.8125
  ],
  "skew": 0.0,
  "pixel_aspect_ratio": 1.0,
  "radial_distortion": [
    -0.17441433668136597,
    0.0021486165933310986,
    0.0
  ],
  "tangential_distortion": [
    -0.006712840870022774,
    0.0029693543910980225
  ],
  "image_size": [
    1080,
    1920
  ]
}