{
  "orientation": [
    [
      0.9999646544456482,
      -0.002393608447164297,
      -0.008057133294641972
    ],
    [
      0.002413906855508685,
      0.9999939203262329,
      0.002510515972971916
    ],
    [
      0.008051075041294098,
      -0.0025298765394836664,
      0.9999644160270691
    ]
  ],
  "position": [
    0.1000608280301094,
    -0.3870766758918762,
    2.7028119564056396
  ],
  "focal_length": 2056.274169921875,
  "principal_point": [
    318.60382080078125,
    1355.8125
  ],
  "skew": 0.0,
  "pixel_aspect_ratio": 1.0,
  "radial_distortion": [
    -0.17441433668136597,
    0.0021486165933310986,
    0.0
  ],
  "tangential_distortion": [
    -0.006712840870022774,
    0.0029693543910980225
  ],
  "image_size": [
    1080,
    1920
  ]
}