{
  "orientation": [
    [
      0.9999331831932068,
      0.0027225478552281857,
      -0.011236663907766342
    ],
    [
      -0.0026980454567819834,
      0.9999939799308777,
      0.0021951498929411173
    ],
    [
      0.011242572218179703,
      -0.0021646860986948013,
      0.9999344348907471
    ]
  ],
  "position": [
    0.09999831020832062,
    -0.38666507601737976,
    2.7021901607513428
  ],
  "focal_length": 2056.274169921875,
  "principal_point": [
    318.60382080078125,
    1355.8125
  ],
  "skew": 0.0,
  "pixel_aspect_ratio": 1.0,
  "radial_distortion": [
    -0.17441433668136597,
    0.0021486165933310986,
    0.0
  ],
  "tangential_distortion": [
    -0.006712840870022774,
    0.0029693543910980225
  ],
  "image_size": [
    1080,
    1920
  ]
}