{
  "orientation": [
    [
      0.997707724571228,
      -0.02489994280040264,
      0.06292267143726349
    ],
    [
      0.027861103415489197,
      0.9985236525535583,
      -0.046629566699266434
    ],
    [
      -0.061668697744607925,
      0.048275772482156754,
      0.9969285130500793
    ]
  ],
  "position": [
    0.19511418044567108,
    0.16807718575000763,
    -1.9208729267120361
  ],
  "focal_length": 2056.274169921875,
  "principal_point": [
    318.60382080078125,
    1355.8125
  ],
  "skew": 0.0,
  "pixel_aspect_ratio": 1.0,
  "radial_distortion": [
    -0.17441433668136597,
    0.0021486165933310986,
    0.0
  ],
  "tangential_distortion": [
    -0.006712840870022774,
    0.0029693543910980225
  ],
  "image_size": [
    1080,
    1920
  ]
}