{
  "orientation": [
    [
      0.9721235036849976,
      0.01794782280921936,
      0.23378156125545502
    ],
    [
      -0.010529507882893085,
      0.9994018077850342,
      -0.03294145688414574
    ],
    [
      -0.23423293232917786,
      0.029561560600996017,
      0.9717309474945068
    ]
  ],
  "position": [
    -0.5967748165130615,
    1.0711058378219604,
    -7.1791229248046875
  ],
  "focal_length": 2056.274169921875,
  "principal_point": [
    318.60382080078125,
    1355.8125
  ],
  "skew": 0.0,
  "pixel_aspect_ratio": 1.0,
  "radial_distortion": [
    -0.17441433668136597,
    0.0021486165933310986,
    0.0
  ],
  "tangential_distortion": [
    -0.006712840870022774,
    0.0029693543910980225
  ],
  "image_size": [
    1080,
    1920
  ]
}