{
  "orientation": [
    [
      0.9939812421798706,
      -0.019956758245825768,
      0.10771733522415161
    ],
    [
      0.022936027497053146,
      0.9993858933448792,
      -0.026490436866879463
    ],
    [
      -0.1071225255727768,
      0.028801605105400085,
      0.9938285946846008
    ]
  ],
  "position": [
    -0.05653725191950798,
    0.42358505725860596,
    -2.4402217864990234
  ],
  "focal_length": 2056.274169921875,
  "principal_point": [
    318.60382080078125,
    1355.8125
  ],
  "skew": 0.0,
  "pixel_aspect_ratio": 1.0,
  "radial_distortion": [
    -0.17441433668136597,
    0.0021486165933310986,
    0.0
  ],
  "tangential_distortion": [
    -0.006712840870022774,
    0.0029693543910980225
  ],
  "image_size": [
    1080,
    1920
  ]
}