{
  "orientation": [
    [
      0.997861385345459,
      -0.024380873888731003,
      0.060648441314697266
    ],
    [
      0.026870742440223694,
      0.9988147616386414,
      -0.04058307781815529
    ],
    [
      -0.059587109833955765,
      0.04212595522403717,
      0.997333824634552
    ]
  ],
  "position": [
    0.11840526759624481,
    0.25459325313568115,
    -2.0185723304748535
  ],
  "focal_length": 2056.274169921875,
  "principal_point": [
    318.60382080078125,
    1355.8125
  ],
  "skew": 0.0,
  "pixel_aspect_ratio": 1.0,
  "radial_distortion": [
    -0.17441433668136597,
    0.0021486165933310986,
    0.0
  ],
  "tangential_distortion": [
    -0.006712840870022774,
    0.0029693543910980225
  ],
  "image_size": [
    1080,
    1920
  ]
}