{
  "orientation": [
    [
      0.999890148639679,
      -0.0003319152456242591,
      -0.014818128198385239
    ],
    [
      0.0003225852269679308,
      0.9999997615814209,
      -0.0006320217507891357
    ],
    [
      0.014818334020674229,
      0.0006271722377277911,
      0.9998900294303894
    ]
  ],
  "position": [
    0.10069109499454498,
    -0.3866795599460602,
    2.7021474838256836
  ],
  "focal_length": 2056.274169921875,
  "principal_point": [
    318.60382080078125,
    1355.8125
  ],
  "skew": 0.0,
  "pixel_aspect_ratio": 1.0,
  "radial_distortion": [
    -0.17441433668136597,
    0.0021486165933310986,
    0.0
  ],
  "tangential_distortion": [
    -0.006712840870022774,
    0.0029693543910980225
  ],
  "image_size": [
    1080,
    1920
  ]
}