{
  "orientation": [
    [
      0.9999216198921204,
      0.0044381283223629,
      -0.011706981807947159
    ],
    [
      -0.004396077711135149,
      0.9999837875366211,
      0.0036152033135294914
    ],
    [
      0.011722837574779987,
      -0.0035634550731629133,
      0.9999249577522278
    ]
  ],
  "position": [
    0.1251760870218277,
    -0.395754873752594,
    2.698751926422119
  ],
  "focal_length": 2056.274169921875,
  "principal_point": [
    318.60382080078125,
    1355.8125
  ],
  "skew": 0.0,
  "pixel_aspect_ratio": 1.0,
  "radial_distortion": [
    -0.17441433668136597,
    0.0021486165933310986,
    0.0
  ],
  "tangential_distortion": [
    -0.006712840870022774,
    0.0029693543910980225
  ],
  "image_size": [
    1080,
    1920
  ]
}