{
  "orientation": [
    [
      0.9999797344207764,
      -0.002759213326498866,
      -0.005742450710386038
    ],
    [
      0.002765781246125698,
      0.9999955296516418,
      0.0011361410142853856
    ],
    [
      0.00573929026722908,
      -0.0011520003899931908,
      0.9999828934669495
    ]
  ],
  "position": [
    0.11819180846214294,
    -0.3861519992351532,
    2.700775623321533
  ],
  "focal_length": 2056.274169921875,
  "principal_point": [
    318.60382080078125,
    1355.8125
  ],
  "skew": 0.0,
  "pixel_aspect_ratio": 1.0,
  "radial_distortion": [
    -0.17441433668136597,
    0.0021486165933310986,
    0.0
  ],
  "tangential_distortion": [
    -0.006712840870022774,
    0.0029693543910980225
  ],
  "image_size": [
    1080,
    1920
  ]
}