{
  "orientation": [
    [
      0.9710930585861206,
      0.018591517582535744,
      0.23797622323036194
    ],
    [
      -0.01106299553066492,
      0.9993963837623596,
      -0.03293226659297943
    ],
    [
      -0.23844483494758606,
      0.02934756502509117,
      0.9707124829292297
    ]
  ],
  "position": [
    -0.5969219207763672,
    1.0709798336029053,
    -7.1788201332092285
  ],
  "focal_length": 2056.274169921875,
  "principal_point": [
    318.60382080078125,
    1355.8125
  ],
  "skew": 0.0,
  "pixel_aspect_ratio": 1.0,
  "radial_distortion": [
    -0.17441433668136597,
    0.0021486165933310986,
    0.0
  ],
  "tangential_distortion": [
    -0.006712840870022774,
    0.0029693543910980225
  ],
  "image_size": [
    1080,
    1920
  ]
}