{
  "orientation": [
    [
      0.9785470366477966,
      0.010224136523902416,
      0.2057696133852005
    ],
    [
      -0.0015425728633999825,
      0.9991034865379333,
      -0.04230697453022003
    ],
    [
      -0.20601768791675568,
      0.041081950068473816,
      0.9776855111122131
    ]
  ],
  "position": [
    -0.41116848587989807,
    0.9170897603034973,
    -7.196142196655273
  ],
  "focal_length": 2056.274169921875,
  "principal_point": [
    318.60382080078125,
    1355.8125
  ],
  "skew": 0.0,
  "pixel_aspect_ratio": 1.0,
  "radial_distortion": [
    -0.17441433668136597,
    0.0021486165933310986,
    0.0
  ],
  "tangential_distortion": [
    -0.006712840870022774,
    0.0029693543910980225
  ],
  "image_size": [
    1080,
    1920
  ]
}