{
  "orientation": [
    [
      0.9998865127563477,
      -0.0010583873372524977,
      -0.015027696266770363
    ],
    [
      0.0010373977711424232,
      0.9999984502792358,
      -0.0014044559793546796
    ],
    [
      0.015029159374535084,
      0.0013887068489566445,
      0.9998860955238342
    ]
  ],
  "position": [
    0.09981075674295425,
    -0.3857300579547882,
    2.7008323669433594
  ],
  "focal_length": 2056.274169921875,
  "principal_point": [
    318.60382080078125,
    1355.8125
  ],
  "skew": 0.0,
  "pixel_aspect_ratio": 1.0,
  "radial_distortion": [
    -0.17441433668136597,
    0.0021486165933310986,
    0.0
  ],
  "tangential_distortion": [
    -0.006712840870022774,
    0.0029693543910980225
  ],
  "image_size": [
    1080,
    1920
  ]
}