{
  "orientation": [
    [
      0.9999069571495056,
      -0.002404411556199193,
      -0.013426451943814754
    ],
    [
      0.002348218346014619,
      0.9999884366989136,
      -0.004199449438601732
    ],
    [
      0.013436393812298775,
      0.004167530220001936,
      0.9999010562896729
    ]
  ],
  "position": [
    0.09884540736675262,
    -0.38415637612342834,
    2.6983742713928223
  ],
  "focal_length": 2056.274169921875,
  "principal_point": [
    318.60382080078125,
    1355.8125
  ],
  "skew": 0.0,
  "pixel_aspect_ratio": 1.0,
  "radial_distortion": [
    -0.17441433668136597,
    0.0021486165933310986,
    0.0
  ],
  "tangential_distortion": [
    -0.006712840870022774,
    0.0029693543910980225
  ],
  "image_size": [
    1080,
    1920
  ]
}