{
  "orientation": [
    [
      0.9999961256980896,
      -0.0027696171309798956,
      -0.00027653752476908267
    ],
    [
      0.0027701263315975666,
      0.9999944567680359,
      0.0018581555923447013
    ],
    [
      0.00027138961013406515,
      -0.0018589143874123693,
      0.9999982118606567
    ]
  ],
  "position": [
    0.0618579164147377,
    -0.18895003199577332,
    1.7130697965621948
  ],
  "focal_length": 2056.274169921875,
  "principal_point": [
    318.60382080078125,
    1355.8125
  ],
  "skew": 0.0,
  "pixel_aspect_ratio": 1.0,
  "radial_distortion": [
    -0.17441433668136597,
    0.0021486165933310986,
    0.0
  ],
  "tangential_distortion": [
    -0.006712840870022774,
    0.0029693543910980225
  ],
  "image_size": [
    1080,
    1920
  ]
}