{
  "orientation": [
    [
      0.9658274054527283,
      0.021382195875048637,
      0.2583024799823761
    ],
    [
      -0.013048931956291199,
      0.9993389248847961,
      -0.03393325209617615
    ],
    [
      -0.25885728001594543,
      0.029403092339634895,
      0.9654679298400879
    ]
  ],
  "position": [
    -0.5949766635894775,
    1.0738152265548706,
    -7.187284469604492
  ],
  "focal_length": 2056.274169921875,
  "principal_point": [
    318.60382080078125,
    1355.8125
  ],
  "skew": 0.0,
  "pixel_aspect_ratio": 1.0,
  "radial_distortion": [
    -0.17441433668136597,
    0.0021486165933310986,
    0.0
  ],
  "tangential_distortion": [
    -0.006712840870022774,
    0.0029693543910980225
  ],
  "image_size": [
    1080,
    1920
  ]
}