{
  "orientation": [
    [
      0.9995271563529968,
      -0.021478552371263504,
      0.02200370468199253
    ],
    [
      0.022139830514788628,
      0.9992967247962952,
      -0.030263731256127357
    ],
    [
      -0.02133820950984955,
      0.03073657862842083,
      0.9992997050285339
    ]
  ],
  "position": [
    -0.06411606818437576,
    0.24583885073661804,
    -1.3960176706314087
  ],
  "focal_length": 2056.274169921875,
  "principal_point": [
    318.60382080078125,
    1355.8125
  ],
  "skew": 0.0,
  "pixel_aspect_ratio": 1.0,
  "radial_distortion": [
    -0.17441433668136597,
    0.0021486165933310986,
    0.0
  ],
  "tangential_distortion": [
    -0.006712840870022774,
    0.0029693543910980225
  ],
  "image_size": [
    1080,
    1920
  ]
}