{
  "orientation": [
    [
      0.9998930096626282,
      0.004152640234678984,
      -0.014027291908860207
    ],
    [
      -0.004080901388078928,
      0.9999784827232361,
      0.005138990469276905
    ],
    [
      0.01404833048582077,
      -0.005081196781247854,
      0.9998884201049805
    ]
  ],
  "position": [
    0.10370859503746033,
    -0.3852692246437073,
    2.700077772140503
  ],
  "focal_length": 2056.274169921875,
  "principal_point": [
    318.60382080078125,
    1355.8125
  ],
  "skew": 0.0,
  "pixel_aspect_ratio": 1.0,
  "radial_distortion": [
    -0.17441433668136597,
    0.0021486165933310986,
    0.0
  ],
  "tangential_distortion": [
    -0.006712840870022774,
    0.0029693543910980225
  ],
  "image_size": [
    1080,
    1920
  ]
}