{
  "orientation": [
    [
      0.9994398951530457,
      -0.023383209481835365,
      0.02393888682126999
    ],
    [
      0.023821068927645683,
      0.9995510578155518,
      -0.018171917647123337
    ],
    [
      -0.023503223434090614,
      0.018731988966464996,
      0.9995482563972473
    ]
  ],
  "position": [
    -0.08413424342870712,
    0.41468122601509094,
    -1.5913524627685547
  ],
  "focal_length": 2056.274169921875,
  "principal_point": [
    318.60382080078125,
    1355.8125
  ],
  "skew": 0.0,
  "pixel_aspect_ratio": 1.0,
  "radial_distortion": [
    -0.17441433668136597,
    0.0021486165933310986,
    0.0
  ],
  "tangential_distortion": [
    -0.006712840870022774,
    0.0029693543910980225
  ],
  "image_size": [
    1080,
    1920
  ]
}