{
  "orientation": [
    [
      0.9997442364692688,
      -0.011152378283441067,
      0.019675837829709053
    ],
    [
      0.011102796532213688,
      0.9999349117279053,
      0.002627377863973379
    ],
    [
      -0.019703859463334084,
      -0.0024082488380372524,
      0.9998029470443726
    ]
  ],
  "position": [
    0.14872466027736664,
    -0.045830126851797104,
    1.133462905883789
  ],
  "focal_length": 2056.274169921875,
  "principal_point": [
    318.60382080078125,
    1355.8125
  ],
  "skew": 0.0,
  "pixel_aspect_ratio": 1.0,
  "radial_distortion": [
    -0.17441433668136597,
    0.0021486165933310986,
    0.0
  ],
  "tangential_distortion": [
    -0.006712840870022774,
    0.0029693543910980225
  ],
  "image_size": [
    1080,
    1920
  ]
}