{
  "orientation": [
    [
      0.9999228715896606,
      0.00308014708571136,
      -0.012030559591948986
    ],
    [
      -0.0031308848410844803,
      0.9999862909317017,
      -0.004200861789286137
    ],
    [
      0.012017454952001572,
      0.004238204099237919,
      0.9999188184738159
    ]
  ],
  "position": [
    0.10317408293485641,
    -0.43086686730384827,
    2.681914806365967
  ],
  "focal_length": 2056.274169921875,
  "principal_point": [
    318.60382080078125,
    1355.8125
  ],
  "skew": 0.0,
  "pixel_aspect_ratio": 1.0,
  "radial_distortion": [
    -0.17441433668136597,
    0.0021486165933310986,
    0.0
  ],
  "tangential_distortion": [
    -0.006712840870022774,
    0.0029693543910980225
  ],
  "image_size": [
    1080,
    1920
  ]
}