{
  "orientation": [
    [
      0.9999409914016724,
      -0.002070438349619508,
      -0.010664617642760277
    ],
    [
      0.0020509171299636364,
      0.9999961853027344,
      -0.0018410744378343225
    ],
    [
      0.010668388567864895,
      0.0018190935952588916,
      0.9999414086341858
    ]
  ],
  "position": [
    0.0988391637802124,
    -0.3853150010108948,
    2.6954476833343506
  ],
  "focal_length": 2056.274169921875,
  "principal_point": [
    318.60382080078125,
    1355.8125
  ],
  "skew": 0.0,
  "pixel_aspect_ratio": 1.0,
  "radial_distortion": [
    -0.17441433668136597,
    0.0021486165933310986,
    0.0
  ],
  "tangential_distortion": [
    -0.006712840870022774,
    0.0029693543910980225
  ],
  "image_size": [
    1080,
    1920
  ]
}