{
  "orientation": [
    [
      0.9995949268341064,
      -0.018233995884656906,
      0.021851271390914917
    ],
    [
      0.0189871396869421,
      0.9992149472236633,
      -0.03476995974779129
    ],
    [
      -0.021200120449066162,
      0.035170771181583405,
      0.9991564154624939
    ]
  ],
  "position": [
    0.04896168038249016,
    0.05363330617547035,
    -0.6913141012191772
  ],
  "focal_length": 2056.274169921875,
  "principal_point": [
    318.60382080078125,
    1355.8125
  ],
  "skew": 0.0,
  "pixel_aspect_ratio": 1.0,
  "radial_distortion": [
    -0.17441433668136597,
    0.0021486165933310986,
    0.0
  ],
  "tangential_distortion": [
    -0.006712840870022774,
    0.0029693543910980225
  ],
  "image_size": [
    1080,
    1920
  ]
}