{
  "orientation": [
    [
      0.9989196062088013,
      -0.023719564080238342,
      0.03996306657791138
    ],
    [
      0.024956772103905678,
      0.9992154836654663,
      -0.030749695375561714
    ],
    [
      -0.03920234739780426,
      0.0317138209939003,
      0.9987279176712036
    ]
  ],
  "position": [
    0.019266363233327866,
    0.3158244788646698,
    -1.793670892715454
  ],
  "focal_length": 2056.274169921875,
  "principal_point": [
    318.60382080078125,
    1355.8125
  ],
  "skew": 0.0,
  "pixel_aspect_ratio": 1.0,
  "radial_distortion": [
    -0.17441433668136597,
    0.0021486165933310986,
    0.0
  ],
  "tangential_distortion": [
    -0.006712840870022774,
    0.0029693543910980225
  ],
  "image_size": [
    1080,
    1920
  ]
}