{
  "orientation": [
    [
      0.9997202754020691,
      0.006957430392503738,
      -0.022605419158935547
    ],
    [
      -0.006735222414135933,
      0.9999284148216248,
      0.009891163557767868
    ],
    [
      0.022672617807984352,
      -0.009736143983900547,
      0.9996955394744873
    ]
  ],
  "position": [
    0.05541104078292847,
    -0.3434903919696808,
    2.642085552215576
  ],
  "focal_length": 2056.274169921875,
  "principal_point": [
    318.60382080078125,
    1355.8125
  ],
  "skew": 0.0,
  "pixel_aspect_ratio": 1.0,
  "radial_distortion": [
    -0.17441433668136597,
    0.0021486165933310986,
    0.0
  ],
  "tangential_distortion": [
    -0.006712840870022774,
    0.0029693543910980225
  ],
  "image_size": [
    1080,
    1920
  ]
}