{
  "orientation": [
    [
      0.9998229146003723,
      -0.013677479699254036,
      0.01292670052498579
    ],
    [
      0.013841193169355392,
      0.999824047088623,
      -0.012661305256187916
    ],
    [
      -0.012751251459121704,
      0.012837983667850494,
      0.999836266040802
    ]
  ],
  "position": [
    0.03847704455256462,
    0.026346387341618538,
    0.32843437790870667
  ],
  "focal_length": 2056.274169921875,
  "principal_point": [
    318.60382080078125,
    1355.8125
  ],
  "skew": 0.0,
  "pixel_aspect_ratio": 1.0,
  "radial_distortion": [
    -0.17441433668136597,
    0.0021486165933310986,
    0.0
  ],
  "tangential_distortion": [
    -0.006712840870022774,
    0.0029693543910980225
  ],
  "image_size": [
    1080,
    1920
  ]
}