{
  "orientation": [
    [
      0.9998823404312134,
      -0.0007987671415321529,
      -0.01532006449997425
    ],
    [
      0.0007858524331822991,
      0.9999993443489075,
      -0.0008489947649650276
    ],
    [
      0.01532073225826025,
      0.000836855499073863,
      0.9998822808265686
    ]
  ],
  "position": [
    0.09999017417430878,
    -0.3866824805736542,
    2.702214479446411
  ],
  "focal_length": 2056.274169921875,
  "principal_point": [
    318.60382080078125,
    1355.8125
  ],
  "skew": 0.0,
  "pixel_aspect_ratio": 1.0,
  "radial_distortion": [
    -0.17441433668136597,
    0.0021486165933310986,
    0.0
  ],
  "tangential_distortion": [
    -0.006712840870022774,
    0.0029693543910980225
  ],
  "image_size": [
    1080,
    1920
  ]
}