{
  "orientation": [
    [
      0.999722421169281,
      -0.014042933471500874,
      0.018918193876743317
    ],
    [
      0.014274590648710728,
      0.9998241066932678,
      -0.012166350148618221
    ],
    [
      -0.01874401420354843,
      0.012433022260665894,
      0.9997470378875732
    ]
  ],
  "position": [
    0.09780863672494888,
    -0.024075858294963837,
    0.5049510598182678
  ],
  "focal_length": 2056.274169921875,
  "principal_point": [
    318.60382080078125,
    1355.8125
  ],
  "skew": 0.0,
  "pixel_aspect_ratio": 1.0,
  "radial_distortion": [
    -0.17441433668136597,
    0.0021486165933310986,
    0.0
  ],
  "tangential_distortion": [
    -0.006712840870022774,
    0.0029693543910980225
  ],
  "image_size": [
    1080,
    1920
  ]
}