{
  "orientation": [
    [
      0.9998863339424133,
      -0.001690421486273408,
      -0.01498124934732914
    ],
    [
      0.0016550397267565131,
      0.9999958276748657,
      -0.002373815979808569
    ],
    [
      0.014985200017690659,
      0.0023487515281885862,
      0.9998849630355835
    ]
  ],
  "position": [
    0.09894395619630814,
    -0.3843759298324585,
    2.6987531185150146
  ],
  "focal_length": 2056.274169921875,
  "principal_point": [
    318.60382080078125,
    1355.8125
  ],
  "skew": 0.0,
  "pixel_aspect_ratio": 1.0,
  "radial_distortion": [
    -0.17441433668136597,
    0.0021486165933310986,
    0.0
  ],
  "tangential_distortion": [
    -0.006712840870022774,
    0.0029693543910980225
  ],
  "image_size": [
    1080,
    1920
  ]
}