{
  "orientation": [
    [
      0.9997043013572693,
      0.007717120461165905,
      -0.02306111343204975
    ],
    [
      -0.007649803534150124,
      0.9999662041664124,
      0.0030058734118938446
    ],
    [
      0.023083530366420746,
      -0.002828571479767561,
      0.9997295141220093
    ]
  ],
  "position": [
    0.026475893333554268,
    -0.33790889382362366,
    2.459474802017212
  ],
  "focal_length": 2056.274169921875,
  "principal_point": [
    318.60382080078125,
    1355.8125
  ],
  "skew": 0.0,
  "pixel_aspect_ratio": 1.0,
  "radial_distortion": [
    -0.17441433668136597,
    0.0021486165933310986,
    0.0
  ],
  "tangential_distortion": [
    -0.006712840870022774,
    0.0029693543910980225
  ],
  "image_size": [
    1080,
    1920
  ]
}