{
  "orientation": [
    [
      0.9999881982803345,
      -0.003550032852217555,
      0.0033226870000362396
    ],
    [
      0.003545002778992057,
      0.9999925494194031,
      0.0015185709344223142
    ],
    [
      -0.003328053280711174,
      -0.0015067741042003036,
      0.9999933242797852
    ]
  ],
  "position": [
    0.10816816985607147,
    -0.225276917219162,
    1.856170892715454
  ],
  "focal_length": 2056.274169921875,
  "principal_point": [
    318.60382080078125,
    1355.8125
  ],
  "skew": 0.0,
  "pixel_aspect_ratio": 1.0,
  "radial_distortion": [
    -0.17441433668136597,
    0.0021486165933310986,
    0.0
  ],
  "tangential_distortion": [
    -0.006712840870022774,
    0.0029693543910980225
  ],
  "image_size": [
    1080,
    1920
  ]
}