{
  "orientation": [
    [
      0.9995890855789185,
      -0.012788132764399052,
      0.025654016062617302
    ],
    [
      0.012980036437511444,
      0.9998888969421387,
      -0.007327924948185682
    ],
    [
      -0.02555745467543602,
      0.007657903712242842,
      0.9996440410614014
    ]
  ],
  "position": [
    0.1730445772409439,
    -0.051914431154727936,
    0.8467828631401062
  ],
  "focal_length": 2056.274169921875,
  "principal_point": [
    318.60382080078125,
    1355.8125
  ],
  "skew": 0.0,
  "pixel_aspect_ratio": 1.0,
  "radial_distortion": [
    -0.17441433668136597,
    0.0021486165933310986,
    0.0
  ],
  "tangential_distortion": [
    -0.006712840870022774,
    0.0029693543910980225
  ],
  "image_size": [
    1080,
    1920
  ]
}