{
  "orientation": [
    [
      0.9999368786811829,
      0.002187731210142374,
      -0.01101988460868597
    ],
    [
      -0.002174737397581339,
      0.9999969005584717,
      0.001190969138406217
    ],
    [
      0.011022455990314484,
      -0.0011669285595417023,
      0.9999385476112366
    ]
  ],
  "position": [
    0.09891614317893982,
    -0.38422513008117676,
    2.698672294616699
  ],
  "focal_length": 2056.274169921875,
  "principal_point": [
    318.60382080078125,
    1355.8125
  ],
  "skew": 0.0,
  "pixel_aspect_ratio": 1.0,
  "radial_distortion": [
    -0.17441433668136597,
    0.0021486165933310986,
    0.0
  ],
  "tangential_distortion": [
    -0.006712840870022774,
    0.0029693543910980225
  ],
  "image_size": [
    1080,
    1920
  ]
}