{
  "orientation": [
    [
      0.9999351501464844,
      -0.0024398844689130783,
      -0.011124133132398129
    ],
    [
      0.0024055640678852797,
      0.999992311000824,
      -0.003097573295235634
    ],
    [
      0.011131605133414268,
      0.003070612670853734,
      0.9999333024024963
    ]
  ],
  "position": [
    0.10307932645082474,
    -0.38412198424339294,
    2.6983957290649414
  ],
  "focal_length": 2056.274169921875,
  "principal_point": [
    318.60382080078125,
    1355.8125
  ],
  "skew": 0.0,
  "pixel_aspect_ratio": 1.0,
  "radial_distortion": [
    -0.17441433668136597,
    0.0021486165933310986,
    0.0
  ],
  "tangential_distortion": [
    -0.006712840870022774,
    0.0029693543910980225
  ],
  "image_size": [
    1080,
    1920
  ]
}