{
  "orientation": [
    [
      0.9999063611030579,
      0.0005023229750804603,
      -0.013675601221621037
    ],
    [
      -0.0005040092510171235,
      0.9999998807907104,
      -0.00011985906166955829
    ],
    [
      0.013675538823008537,
      0.000126740473206155,
      0.9999064803123474
    ]
  ],
  "position": [
    0.10068155825138092,
    -0.3866478502750397,
    2.7021353244781494
  ],
  "focal_length": 2056.274169921875,
  "principal_point": [
    318.60382080078125,
    1355.8125
  ],
  "skew": 0.0,
  "pixel_aspect_ratio": 1.0,
  "radial_distortion": [
    -0.17441433668136597,
    0.0021486165933310986,
    0.0
  ],
  "tangential_distortion": [
    -0.006712840870022774,
    0.0029693543910980225
  ],
  "image_size": [
    1080,
    1920
  ]
}