{
  "orientation": [
    [
      0.9998388290405273,
      0.00543881906196475,
      -0.017109207808971405
    ],
    [
      -0.005365210119634867,
      0.9999761581420898,
      0.004345248453319073
    ],
    [
      0.017132433131337166,
      -0.004252753686159849,
      0.9998441934585571
    ]
  ],
  "position": [
    0.10102418810129166,
    -0.3888351321220398,
    2.7053585052490234
  ],
  "focal_length": 2056.274169921875,
  "principal_point": [
    318.60382080078125,
    1355.8125
  ],
  "skew": 0.0,
  "pixel_aspect_ratio": 1.0,
  "radial_distortion": [
    -0.17441433668136597,
    0.0021486165933310986,
    0.0
  ],
  "tangential_distortion": [
    -0.006712840870022774,
    0.0029693543910980225
  ],
  "image_size": [
    1080,
    1920
  ]
}