{
  "orientation": [
    [
      0.9998915791511536,
      0.0003880234435200691,
      -0.014719976112246513
    ],
    [
      -0.0003921555180568248,
      0.9999998807907104,
      -0.00027782769757322967
    ],
    [
      0.014719866216182709,
      0.00028357008704915643,
      0.9998916387557983
    ]
  ],
  "position": [
    0.09887321293354034,
    -0.38407832384109497,
    2.6982502937316895
  ],
  "focal_length": 2056.274169921875,
  "principal_point": [
    318.60382080078125,
    1355.8125
  ],
  "skew": 0.0,
  "pixel_aspect_ratio": 1.0,
  "radial_distortion": [
    -0.17441433668136597,
    0.0021486165933310986,
    0.0
  ],
  "tangential_distortion": [
    -0.006712840870022774,
    0.0029693543910980225
  ],
  "image_size": [
    1080,
    1920
  ]
}