{
  "orientation": [
    [
      0.9730841517448425,
      0.0156414732336998,
      0.2299187183380127
    ],
    [
      -0.00820082426071167,
      0.9994123578071594,
      -0.03328214958310127
    ],
    [
      -0.23030419647693634,
      0.030500808730721474,
      0.9726405739784241
    ]
  ],
  "position": [
    -0.5994080305099487,
    1.0709737539291382,
    -7.180543899536133
  ],
  "focal_length": 2056.274169921875,
  "principal_point": [
    318.60382080078125,
    1355.8125
  ],
  "skew": 0.0,
  "pixel_aspect_ratio": 1.0,
  "radial_distortion": [
    -0.17441433668136597,
    0.0021486165933310986,
    0.0
  ],
  "tangential_distortion": [
    -0.006712840870022774,
    0.0029693543910980225
  ],
  "image_size": [
    1080,
    1920
  ]
}