{
  "orientation": [
    [
      0.9840467572212219,
      0.0066117774695158005,
      0.17778712511062622
    ],
    [
      6.786531594116241e-05,
      0.999295175075531,
      -0.037538714706897736
    ],
    [
      -0.17791001498699188,
      0.03695191442966461,
      0.9833527207374573
    ]
  ],
  "position": [
    -0.6449348330497742,
    0.9713548421859741,
    -7.035217761993408
  ],
  "focal_length": 2056.274169921875,
  "principal_point": [
    318.60382080078125,
    1355.8125
  ],
  "skew": 0.0,
  "pixel_aspect_ratio": 1.0,
  "radial_distortion": [
    -0.17441433668136597,
    0.0021486165933310986,
    0.0
  ],
  "tangential_distortion": [
    -0.006712840870022774,
    0.0029693543910980225
  ],
  "image_size": [
    1080,
    1920
  ]
}