{
  "orientation": [
    [
      0.9964813590049744,
      -0.02204478159546852,
      0.08086339384317398
    ],
    [
      0.025525948032736778,
      0.9987800121307373,
      -0.042271845042705536
    ],
    [
      -0.07983286678791046,
      0.04418722167611122,
      0.99582839012146
    ]
  ],
  "position": [
    0.027585357427597046,
    0.25383633375167847,
    -2.2515621185302734
  ],
  "focal_length": 2056.274169921875,
  "principal_point": [
    318.60382080078125,
    1355.8125
  ],
  "skew": 0.0,
  "pixel_aspect_ratio": 1.0,
  "radial_distortion": [
    -0.17441433668136597,
    0.0021486165933310986,
    0.0
  ],
  "tangential_distortion": [
    -0.006712840870022774,
    0.0029693543910980225
  ],
  "image_size": [
    1080,
    1920
  ]
}