{
  "orientation": [
    [
      0.9999211430549622,
      -0.0017240538727492094,
      -0.012438383884727955
    ],
    [
      0.0016760765574872494,
      0.9999911189079285,
      -0.0038665933534502983
    ],
    [
      0.012444939464330673,
      0.0038454406894743443,
      0.9999151825904846
    ]
  ],
  "position": [
    0.09862881898880005,
    -0.38246259093284607,
    2.6959855556488037
  ],
  "focal_length": 2056.274169921875,
  "principal_point": [
    318.60382080078125,
    1355.8125
  ],
  "skew": 0.0,
  "pixel_aspect_ratio": 1.0,
  "radial_distortion": [
    -0.17441433668136597,
    0.0021486165933310986,
    0.0
  ],
  "tangential_distortion": [
    -0.006712840870022774,
    0.0029693543910980225
  ],
  "image_size": [
    1080,
    1920
  ]
}