{
  "orientation": [
    [
      0.9866145849227905,
      -0.0042815981432795525,
      0.16301323473453522
    ],
    [
      0.012340049259364605,
      0.9987491965293884,
      -0.048453912138938904
    ],
    [
      -0.16260188817977905,
      0.049816928803920746,
      0.9854333400726318
    ]
  ],
  "position": [
    -0.3042616546154022,
    0.62297523021698,
    -5.766962051391602
  ],
  "focal_length": 2056.274169921875,
  "principal_point": [
    318.60382080078125,
    1355.8125
  ],
  "skew": 0.0,
  "pixel_aspect_ratio": 1.0,
  "radial_distortion": [
    -0.17441433668136597,
    0.0021486165933310986,
    0.0
  ],
  "tangential_distortion": [
    -0.006712840870022774,
    0.0029693543910980225
  ],
  "image_size": [
    1080,
    1920
  ]
}