{
  "orientation": [
    [
      0.9996196031570435,
      -0.015896199271082878,
      0.022536814212799072
    ],
    [
      0.016543187201023102,
      0.999447762966156,
      -0.028818374499678612
    ],
    [
      -0.02206626534461975,
      0.029180243611335754,
      0.9993305802345276
    ]
  ],
  "position": [
    0.09309668838977814,
    -0.006079735700041056,
    -0.17899328470230103
  ],
  "focal_length": 2056.274169921875,
  "principal_point": [
    318.60382080078125,
    1355.8125
  ],
  "skew": 0.0,
  "pixel_aspect_ratio": 1.0,
  "radial_distortion": [
    -0.17441433668136597,
    0.0021486165933310986,
    0.0
  ],
  "tangential_distortion": [
    -0.006712840870022774,
    0.0029693543910980225
  ],
  "image_size": [
    1080,
    1920
  ]
}