{
  "orientation": [
    [
      0.9680145382881165,
      0.021420154720544815,
      0.24997802078723907
    ],
    [
      -0.013426431454718113,
      0.9993438720703125,
      -0.03363943099975586
    ],
    [
      -0.2505345642566681,
      0.029207145795226097,
      0.9676669836044312
    ]
  ],
  "position": [
    -0.5973336100578308,
    1.0711727142333984,
    -7.179588317871094
  ],
  "focal_length": 2056.274169921875,
  "principal_point": [
    318.60382080078125,
    1355.8125
  ],
  "skew": 0.0,
  "pixel_aspect_ratio": 1.0,
  "radial_distortion": [
    -0.17441433668136597,
    0.0021486165933310986,
    0.0
  ],
  "tangential_distortion": [
    -0.006712840870022774,
    0.0029693543910980225
  ],
  "image_size": [
    1080,
    1920
  ]
}