{
  "orientation": [
    [
      0.9975829124450684,
      -0.02282271720468998,
      0.06563102453947067
    ],
    [
      0.025395775213837624,
      0.9989303946495056,
      -0.038641586899757385
    ],
    [
      -0.06467891484498978,
      0.040214937180280685,
      0.9970954656600952
    ]
  ],
  "position": [
    0.019021525979042053,
    0.29218772053718567,
    -2.133227825164795
  ],
  "focal_length": 2056.274169921875,
  "principal_point": [
    318.60382080078125,
    1355.8125
  ],
  "skew": 0.0,
  "pixel_aspect_ratio": 1.0,
  "radial_distortion": [
    -0.17441433668136597,
    0.0021486165933310986,
    0.0
  ],
  "tangential_distortion": [
    -0.006712840870022774,
    0.0029693543910980225
  ],
  "image_size": [
    1080,
    1920
  ]
}