{
  "orientation": [
    [
      0.9878602623939514,
      -0.011882321909070015,
      0.15488995611667633
    ],
    [
      0.018807487562298775,
      0.9988841414451599,
      -0.043321769684553146
    ],
    [
      -0.15420235693454742,
      0.045708946883678436,
      0.9869813919067383
    ]
  ],
  "position": [
    -0.11302365362644196,
    0.5507313013076782,
    -4.627951622009277
  ],
  "focal_length": 2056.274169921875,
  "principal_point": [
    318.60382080078125,
    1355.8125
  ],
  "skew": 0.0,
  "pixel_aspect_ratio": 1.0,
  "radial_distortion": [
    -0.17441433668136597,
    0.0021486165933310986,
    0.0
  ],
  "tangential_distortion": [
    -0.006712840870022774,
    0.0029693543910980225
  ],
  "image_size": [
    1080,
    1920
  ]
}