{
  "orientation": [
    [
      0.9999672174453735,
      -0.0058389934711158276,
      -0.005606985185295343
    ],
    [
      0.00618044612929225,
      0.9979977607727051,
      0.06294674426317215
    ],
    [
      0.005228213034570217,
      -0.0629793331027031,
      0.9980011582374573
    ]
  ],
  "position": [
    0.01940026693046093,
    0.2340025007724762,
    1.7557119131088257
  ],
  "focal_length": 2056.274169921875,
  "principal_point": [
    318.60382080078125,
    1355.8125
  ],
  "skew": 0.0,
  "pixel_aspect_ratio": 1.0,
  "radial_distortion": [
    -0.17441433668136597,
    0.0021486165933310986,
    0.0
  ],
  "tangential_distortion": [
    -0.006712840870022774,
    0.0029693543910980225
  ],
  "image_size": [
    1080,
    1920
  ]
}