{
  "orientation": [
    [
      0.9863632917404175,
      -0.009178598411381245,
      0.16432642936706543
    ],
    [
      0.015262234956026077,
      0.9992425441741943,
      -0.035797420889139175
    ],
    [
      -0.16387338936328888,
      0.037817250937223434,
      0.9857562184333801
    ]
  ],
  "position": [
    -0.17172841727733612,
    0.7176894545555115,
    -5.1441521644592285
  ],
  "focal_length": 2056.274169921875,
  "principal_point": [
    318.60382080078125,
    1355.8125
  ],
  "skew": 0.0,
  "pixel_aspect_ratio": 1.0,
  "radial_distortion": [
    -0.17441433668136597,
    0.0021486165933310986,
    0.0
  ],
  "tangential_distortion": [
    -0.006712840870022774,
    0.0029693543910980225
  ],
  "image_size": [
    1080,
    1920
  ]
}