{
  "orientation": [
    [
      0.9999026656150818,
      -0.002664020052179694,
      -0.013695723377168179
    ],
    [
      0.0026050088927149773,
      0.9999872446060181,
      -0.004324761219322681
    ],
    [
      0.013707069680094719,
      0.004288662690669298,
      0.9998968839645386
    ]
  ],
  "position": [
    0.10242863744497299,
    -0.38488078117370605,
    2.6993765830993652
  ],
  "focal_length": 2056.274169921875,
  "principal_point": [
    318.60382080078125,
    1355.8125
  ],
  "skew": 0.0,
  "pixel_aspect_ratio": 1.0,
  "radial_distortion": [
    -0.17441433668136597,
    0.0021486165933310986,
    0.0
  ],
  "tangential_distortion": [
    -0.006712840870022774,
    0.0029693543910980225
  ],
  "image_size": [
    1080,
    1920
  ]
}