{
  "orientation": [
    [
      0.9908598065376282,
      -0.017994748428463936,
      0.13369010388851166
    ],
    [
      0.02366585284471512,
      0.9988808035850525,
      -0.04095242917537689
    ],
    [
      -0.1328035444021225,
      0.04374200850725174,
      0.9901766777038574
    ]
  ],
  "position": [
    -0.049220938235521317,
    0.374632328748703,
    -3.240968704223633
  ],
  "focal_length": 2056.274169921875,
  "principal_point": [
    318.60382080078125,
    1355.8125
  ],
  "skew": 0.0,
  "pixel_aspect_ratio": 1.0,
  "radial_distortion": [
    -0.17441433668136597,
    0.0021486165933310986,
    0.0
  ],
  "tangential_distortion": [
    -0.006712840870022774,
    0.0029693543910980225
  ],
  "image_size": [
    1080,
    1920
  ]
}