{
  "orientation": [
    [
      0.9998415112495422,
      -0.012424795888364315,
      0.012748263776302338
    ],
    [
      0.01273482758551836,
      0.999617874622345,
      -0.024533618241548538
    ],
    [
      -0.012438567355275154,
      0.024692077189683914,
      0.9996176958084106
    ]
  ],
  "position": [
    0.017860079184174538,
    -0.014814869500696659,
    0.07694533467292786
  ],
  "focal_length": 2056.274169921875,
  "principal_point": [
    318.60382080078125,
    1355.8125
  ],
  "skew": 0.0,
  "pixel_aspect_ratio": 1.0,
  "radial_distortion": [
    -0.17441433668136597,
    0.0021486165933310986,
    0.0
  ],
  "tangential_distortion": [
    -0.006712840870022774,
    0.0029693543910980225
  ],
  "image_size": [
    1080,
    1920
  ]
}