{
  "orientation": [
    [
      0.9949272274971008,
      -0.0208444707095623,
      0.09841391444206238
    ],
    [
      0.02395317330956459,
      0.9992473125457764,
      -0.030512778088450432
    ],
    [
      -0.09770381450653076,
      0.0327153205871582,
      0.9946776628494263
    ]
  ],
  "position": [
    -0.07786153256893158,
    0.3762941360473633,
    -2.3747215270996094
  ],
  "focal_length": 2056.274169921875,
  "principal_point": [
    318.60382080078125,
    1355.8125
  ],
  "skew": 0.0,
  "pixel_aspect_ratio": 1.0,
  "radial_distortion": [
    -0.17441433668136597,
    0.0021486165933310986,
    0.0
  ],
  "tangential_distortion": [
    -0.006712840870022774,
    0.0029693543910980225
  ],
  "image_size": [
    1080,
    1920
  ]
}