{
  "orientation": [
    [
      0.9999998211860657,
      -0.00044910667929798365,
      0.0003535430005285889
    ],
    [
      0.00044881930807605386,
      0.9999995827674866,
      0.0008125004824250937
    ],
    [
      -0.0003539077297318727,
      -0.0008123416337184608,
      0.9999995827674866
    ]
  ],
  "position": [
    0.10834119468927383,
    -0.27488431334495544,
    2.0516321659088135
  ],
  "focal_length": 2056.274169921875,
  "principal_point": [
    318.60382080078125,
    1355.8125
  ],
  "skew": 0.0,
  "pixel_aspect_ratio": 1.0,
  "radial_distortion": [
    -0.17441433668136597,
    0.0021486165933310986,
    0.0
  ],
  "tangential_distortion": [
    -0.006712840870022774,
    0.0029693543910980225
  ],
  "image_size": [
    1080,
    1920
  ]
}