{
  "orientation": [
    [
      0.9999913573265076,
      -0.000507484539411962,
      -0.004131581634283066
    ],
    [
      0.000540451321285218,
      0.9999679923057556,
      0.00798201747238636
    ],
    [
      0.00412739859893918,
      -0.007984181866049767,
      0.9999595880508423
    ]
  ],
  "position": [
    0.09965808689594269,
    -0.38521891832351685,
    2.7001075744628906
  ],
  "focal_length": 2056.274169921875,
  "principal_point": [
    318.60382080078125,
    1355.8125
  ],
  "skew": 0.0,
  "pixel_aspect_ratio": 1.0,
  "radial_distortion": [
    -0.17441433668136597,
    0.0021486165933310986,
    0.0
  ],
  "tangential_distortion": [
    -0.006712840870022774,
    0.0029693543910980225
  ],
  "image_size": [
    1080,
    1920
  ]
}