{
  "orientation": [
    [
      0.9980735778808594,
      -0.024113165214657784,
      0.05716332420706749
    ],
    [
      0.026199087500572205,
      0.9990073442459106,
      -0.036026399582624435
    ],
    [
      -0.05623786896467209,
      0.037454623728990555,
      0.997714638710022
    ]
  ],
  "position": [
    0.012317846529185772,
    0.30941328406333923,
    -2.083684206008911
  ],
  "focal_length": 2056.274169921875,
  "principal_point": [
    318.60382080078125,
    1355.8125
  ],
  "skew": 0.0,
  "pixel_aspect_ratio": 1.0,
  "radial_distortion": [
    -0.17441433668136597,
    0.0021486165933310986,
    0.0
  ],
  "tangential_distortion": [
    -0.006712840870022774,
    0.0029693543910980225
  ],
  "image_size": [
    1080,
    1920
  ]
}