{
  "orientation": [
    [
      0.9998466372489929,
      0.00574079342186451,
      -0.016543583944439888
    ],
    [
      -0.005661145318299532,
      0.9999721646308899,
      0.004857267718762159
    ],
    [
      0.016571007668972015,
      -0.0047628674656152725,
      0.9998513460159302
    ]
  ],
  "position": [
    0.10102418810129166,
    -0.3888351321220398,
    2.7053585052490234
  ],
  "focal_length": 2056.274169921875,
  "principal_point": [
    318.60382080078125,
    1355.8125
  ],
  "skew": 0.0,
  "pixel_aspect_ratio": 1.0,
  "radial_distortion": [
    -0.17441433668136597,
    0.0021486165933310986,
    0.0
  ],
  "tangential_distortion": [
    -0.006712840870022774,
    0.0029693543910980225
  ],
  "image_size": [
    1080,
    1920
  ]
}