{
  "orientation": [
    [
      0.9700654745101929,
      0.018984904512763023,
      0.24210020899772644
    ],
    [
      -0.011247734539210796,
      0.9993820786476135,
      -0.033300817012786865
    ],
    [
      -0.24258282780647278,
      0.029580892994999886,
      0.969679594039917
    ]
  ],
  "position": [
    -0.5969328880310059,
    1.0709540843963623,
    -7.1787428855896
  ],
  "focal_length": 2056.274169921875,
  "principal_point": [
    318.60382080078125,
    1355.8125
  ],
  "skew": 0.0,
  "pixel_aspect_ratio": 1.0,
  "radial_distortion": [
    -0.17441433668136597,
    0.0021486165933310986,
    0.0
  ],
  "tangential_distortion": [
    -0.006712840870022774,
    0.0029693543910980225
  ],
  "image_size": [
    1080,
    1920
  ]
}