{
  "orientation": [
    [
      0.9999284148216248,
      -0.0017911342438310385,
      -0.011828524060547352
    ],
    [
      0.0017486874712631106,
      0.9999920129776001,
      -0.0035978825762867928
    ],
    [
      0.011834872886538506,
      0.0035769406240433455,
      0.999923586845398
    ]
  ],
  "position": [
    0.11177907884120941,
    -0.38220450282096863,
    2.6945273876190186
  ],
  "focal_length": 2056.274169921875,
  "principal_point": [
    318.60382080078125,
    1355.8125
  ],
  "skew": 0.0,
  "pixel_aspect_ratio": 1.0,
  "radial_distortion": [
    -0.17441433668136597,
    0.0021486165933310986,
    0.0
  ],
  "tangential_distortion": [
    -0.006712840870022774,
    0.0029693543910980225
  ],
  "image_size": [
    1080,
    1920
  ]
}