{
  "orientation": [
    [
      0.9999920725822449,
      0.0006240886286832392,
      -0.003933272790163755
    ],
    [
      -0.0005856764037162066,
      0.9999521970748901,
      0.009759570471942425
    ],
    [
      0.003939175512641668,
      -0.009757189080119133,
      0.9999446272850037
    ]
  ],
  "position": [
    0.09981050342321396,
    -0.38573217391967773,
    2.7008354663848877
  ],
  "focal_length": 2056.274169921875,
  "principal_point": [
    318.60382080078125,
    1355.8125
  ],
  "skew": 0.0,
  "pixel_aspect_ratio": 1.0,
  "radial_distortion": [
    -0.17441433668136597,
    0.0021486165933310986,
    0.0
  ],
  "tangential_distortion": [
    -0.006712840870022774,
    0.0029693543910980225
  ],
  "image_size": [
    1080,
    1920
  ]
}