{
  "orientation": [
    [
      0.9744707942008972,
      0.0159299299120903,
      0.22394847869873047
    ],
    [
      -0.00869982223957777,
      0.9994097352027893,
      -0.033234450966119766
    ],
    [
      -0.22434569895267487,
      0.030437689274549484,
      0.9740341901779175
    ]
  ],
  "position": [
    -0.5990942120552063,
    1.0711219310760498,
    -7.181190490722656
  ],
  "focal_length": 2056.274169921875,
  "principal_point": [
    318.60382080078125,
    1355.8125
  ],
  "skew": 0.0,
  "pixel_aspect_ratio": 1.0,
  "radial_distortion": [
    -0.17441433668136597,
    0.0021486165933310986,
    0.0
  ],
  "tangential_distortion": [
    -0.006712840870022774,
    0.0029693543910980225
  ],
  "image_size": [
    1080,
    1920
  ]
}