{
  "orientation": [
    [
      0.9997153282165527,
      -0.016949327662587166,
      0.016793210059404373
    ],
    [
      0.017605669796466827,
      0.9990549683570862,
      -0.03973913565278053
    ],
    [
      -0.01610378921031952,
      0.040023479610681534,
      0.9990689754486084
    ]
  ],
  "position": [
    -0.01679982990026474,
    0.04068366065621376,
    -0.8630847930908203
  ],
  "focal_length": 2056.274169921875,
  "principal_point": [
    318.60382080078125,
    1355.8125
  ],
  "skew": 0.0,
  "pixel_aspect_ratio": 1.0,
  "radial_distortion": [
    -0.17441433668136597,
    0.0021486165933310986,
    0.0
  ],
  "tangential_distortion": [
    -0.006712840870022774,
    0.0029693543910980225
  ],
  "image_size": [
    1080,
    1920
  ]
}