{
  "orientation": [
    [
      0.9997876882553101,
      -0.014351287856698036,
      0.014786956831812859
    ],
    [
      0.014817272312939167,
      0.9993811845779419,
      -0.03190097585320473
    ],
    [
      -0.01431998610496521,
      0.03211330622434616,
      0.9993816614151001
    ]
  ],
  "position": [
    0.01227613352239132,
    -4.783665190188913e-06,
    -0.31554996967315674
  ],
  "focal_length": 2056.274169921875,
  "principal_point": [
    318.60382080078125,
    1355.8125
  ],
  "skew": 0.0,
  "pixel_aspect_ratio": 1.0,
  "radial_distortion": [
    -0.17441433668136597,
    0.0021486165933310986,
    0.0
  ],
  "tangential_distortion": [
    -0.006712840870022774,
    0.0029693543910980225
  ],
  "image_size": [
    1080,
    1920
  ]
}