{
  "orientation": [
    [
      0.9999587535858154,
      -0.0017951816553249955,
      -0.00890271831303835
    ],
    [
      0.0017956268275156617,
      0.9999983906745911,
      4.200840703560971e-05
    ],
    [
      0.008902628906071186,
      -5.7992634538095444e-05,
      0.9999603629112244
    ]
  ],
  "position": [
    0.10252394527196884,
    -0.3842940926551819,
    2.698660135269165
  ],
  "focal_length": 2056.274169921875,
  "principal_point": [
    318.60382080078125,
    1355.8125
  ],
  "skew": 0.0,
  "pixel_aspect_ratio": 1.0,
  "radial_distortion": [
    -0.17441433668136597,
    0.0021486165933310986,
    0.0
  ],
  "tangential_distortion": [
    -0.006712840870022774,
    0.0029693543910980225
  ],
  "image_size": [
    1080,
    1920
  ]
}