{
  "orientation": [
    [
      0.9998539686203003,
      -0.010887255892157555,
      0.013174153864383698
    ],
    [
      0.011001820676028728,
      0.9999020099639893,
      -0.008655121549963951
    ],
    [
      -0.013078632764518261,
      0.008798797614872456,
      0.9998757839202881
    ]
  ],
  "position": [
    0.05789436772465706,
    -0.02720308117568493,
    0.684388279914856
  ],
  "focal_length": 2056.274169921875,
  "principal_point": [
    318.60382080078125,
    1355.8125
  ],
  "skew": 0.0,
  "pixel_aspect_ratio": 1.0,
  "radial_distortion": [
    -0.17441433668136597,
    0.0021486165933310986,
    0.0
  ],
  "tangential_distortion": [
    -0.006712840870022774,
    0.0029693543910980225
  ],
  "image_size": [
    1080,
    1920
  ]
}