{
  "orientation": [
    [
      0.9996547698974609,
      -0.019337579607963562,
      0.017788300290703773
    ],
    [
      0.019869104027748108,
      0.9993461966514587,
      -0.03020566515624523
    ],
    [
      -0.01719256490468979,
      0.03054867312312126,
      0.999385416507721
    ]
  ],
  "position": [
    -0.030108800157904625,
    0.16269296407699585,
    -1.0133476257324219
  ],
  "focal_length": 2056.274169921875,
  "principal_point": [
    318.60382080078125,
    1355.8125
  ],
  "skew": 0.0,
  "pixel_aspect_ratio": 1.0,
  "radial_distortion": [
    -0.17441433668136597,
    0.0021486165933310986,
    0.0
  ],
  "tangential_distortion": [
    -0.006712840870022774,
    0.0029693543910980225
  ],
  "image_size": [
    1080,
    1920
  ]
}