{
  "orientation": [
    [
      0.9854329824447632,
      -0.00208981242030859,
      0.17005139589309692
    ],
    [
      0.008976363576948643,
      0.9991698265075684,
      -0.03973814845085144
    ],
    [
      -0.1698271632194519,
      0.04068572446703911,
      0.9846336245536804
    ]
  ],
  "position": [
    -0.3450540006160736,
    0.8592535257339478,
    -6.526739120483398
  ],
  "focal_length": 2056.274169921875,
  "principal_point": [
    318.60382080078125,
    1355.8125
  ],
  "skew": 0.0,
  "pixel_aspect_ratio": 1.0,
  "radial_distortion": [
    -0.17441433668136597,
    0.0021486165933310986,
    0.0
  ],
  "tangential_distortion": [
    -0.006712840870022774,
    0.0029693543910980225
  ],
  "image_size": [
    1080,
    1920
  ]
}