{
  "orientation": [
    [
      0.9898090362548828,
      -0.014498146250844002,
      0.14166122674942017
    ],
    [
      0.02072957344353199,
      0.9988766312599182,
      -0.04261194169521332
    ],
    [
      -0.14088429510593414,
      0.04511426389217377,
      0.9889976382255554
    ]
  ],
  "position": [
    -0.11904028803110123,
    0.49358174204826355,
    -4.152902126312256
  ],
  "focal_length": 2056.274169921875,
  "principal_point": [
    318.60382080078125,
    1355.8125
  ],
  "skew": 0.0,
  "pixel_aspect_ratio": 1.0,
  "radial_distortion": [
    -0.17441433668136597,
    0.0021486165933310986,
    0.0
  ],
  "tangential_distortion": [
    -0.006712840870022774,
    0.0029693543910980225
  ],
  "image_size": [
    1080,
    1920
  ]
}