{
  "orientation": [
    [
      0.9998717308044434,
      -0.01381251122802496,
      0.008104232139885426
    ],
    [
      0.014118820428848267,
      0.999137818813324,
      -0.03904230147600174
    ],
    [
      -0.007557972334325314,
      0.039151716977357864,
      0.999204695224762
    ]
  ],
  "position": [
    -0.061418477445840836,
    -0.03233340382575989,
    -0.4575316309928894
  ],
  "focal_length": 2056.274169921875,
  "principal_point": [
    318.60382080078125,
    1355.8125
  ],
  "skew": 0.0,
  "pixel_aspect_ratio": 1.0,
  "radial_distortion": [
    -0.17441433668136597,
    0.0021486165933310986,
    0.0
  ],
  "tangential_distortion": [
    -0.006712840870022774,
    0.0029693543910980225
  ],
  "image_size": [
    1080,
    1920
  ]
}